id,first_name,last_name,email,gender,email_address
1,Tally,Cronin,tcronin0@google.co.jp,Male,tcronin0@friendfeed.com
2,Briano,Elfe,belfe1@dmoz.org,Male,belfe1@theguardian.com
3,Karil,Leverton,kleverton2@gizmodo.com,Female,kleverton2@godaddy.com
4,Archibald,Baxill,abaxill3@163.com,Male,abaxill3@pen.io
5,Concordia,Sharvell,csharvell4@mapy.cz,Female,csharvell4@free.fr
6,Bar,Halewood,bhalewood5@vinaora.com,Male,bhalewood5@unblog.fr
7,Ardyth,Greenwood,agreenwood6@seattletimes.com,Female,agreenwood6@stumbleupon.com
8,Netty,Ziehms,nziehms7@google.co.jp,Female,nziehms7@nymag.com
9,Cherye,Gardner,cgardner8@odnoklassniki.ru,Female,cgardner8@who.int
10,Kara-lynn,Knewstub,kknewstub9@aol.com,Female,kknewstub9@amazon.de
11,Pacorro,Spore,psporea@vkontakte.ru,Male,psporea@bing.com
12,Heinrik,Szymon,hszymonb@berkeley.edu,Male,hszymonb@telegraph.co.uk
13,Alisun,Fronzek,afronzekc@zimbio.com,Female,afronzekc@indiegogo.com
14,Bertrand,Jansens,bjansensd@1688.com,Male,bjansensd@reference.com
15,Hana,Oldacre,holdacree@google.cn,Female,holdacree@un.org
16,Kelsy,Grinval,kgrinvalf@timesonline.co.uk,Female,kgrinvalf@cnet.com
17,Raviv,Trubshawe,rtrubshaweg@mail.ru,Male,rtrubshaweg@jiathis.com
18,Chaunce,Donke,cdonkeh@dagondesign.com,Male,cdonkeh@gmpg.org
19,Phillipe,Hagard,phagardi@illinois.edu,Male,phagardi@archive.org
20,Brandy,Hischke,bhischkej@nydailynews.com,Female,bhischkej@sciencedaily.com
21,Gretna,Huskinson,ghuskinsonk@hexun.com,Female,ghuskinsonk@foxnews.com
22,Giacobo,Dutnall,gdutnalll@state.tx.us,Male,gdutnalll@dot.gov
23,Wrennie,Bosse,wbossem@nbcnews.com,Female,wbossem@unesco.org
24,Ardis,Ferras,aferrasn@foxnews.com,Female,aferrasn@comcast.net
25,Lek,Wilbore,lwilboreo@independent.co.uk,Male,lwilboreo@howstuffworks.com
26,Sylvia,Ivachyov,sivachyovp@eepurl.com,Female,sivachyovp@upenn.edu
27,Sosanna,Mingotti,smingottiq@twitpic.com,Female,smingottiq@hatena.ne.jp
28,Carmine,O'Breen,cobreenr@java.com,Male,cobreenr@delicious.com
29,Briana,Cleal,bcleals@nifty.com,Female,bcleals@soup.io
30,Coralie,Laurant,claurantt@noaa.gov,Female,claurantt@xing.com
31,Eyde,Stonier,estonieru@slate.com,Female,estonieru@icq.com
32,Nedda,Gowan,ngowanv@engadget.com,Female,ngowanv@mac.com
33,Kaitlyn,Stanyon,kstanyonw@trellian.com,Female,kstanyonw@prweb.com
34,Cecil,Comrie,ccomriex@sourceforge.net,Female,ccomriex@paypal.com
35,Dell,Fransman,dfransmany@pinterest.com,Female,dfransmany@bbc.co.uk
36,Denyse,Zeale,dzealez@washingtonpost.com,Female,dzealez@nbcnews.com
37,Omero,Nurden,onurden10@163.com,Male,onurden10@sogou.com
38,Bronny,Landsman,blandsman11@huffingtonpost.com,Male,blandsman11@ovh.net
39,Arlene,Geraudy,ageraudy12@tmall.com,Female,ageraudy12@cnet.com
40,Georas,Tourle,gtourle13@imageshack.us,Male,gtourle13@mtv.com
41,Christian,Derges,cderges14@bluehost.com,Male,cderges14@spotify.com
42,Edeline,Danielou,edanielou15@de.vu,Female,edanielou15@wiley.com
43,Freddi,Woollons,fwoollons16@bigcartel.com,Female,fwoollons16@drupal.org
44,Zara,Curmi,zcurmi17@sciencedaily.com,Female,zcurmi17@istockphoto.com
45,Gusella,Magwood,gmagwood18@google.pl,Female,gmagwood18@clickbank.net
46,Ulick,Hinchshaw,uhinchshaw19@lycos.com,Male,uhinchshaw19@sun.com
47,Kathryn,Clemot,kclemot1a@weather.com,Female,kclemot1a@wp.com
48,Gay,Bramont,gbramont1b@sbwire.com,Male,gbramont1b@howstuffworks.com
49,Gunner,Liddell,gliddell1c@i2i.jp,Male,gliddell1c@elegantthemes.com
50,Binny,Menure,bmenure1d@imdb.com,Female,bmenure1d@wordpress.com
51,Mikey,McClements,mmcclements1e@ihg.com,Male,mmcclements1e@nytimes.com
52,Leanora,Novak,lnovak1f@mashable.com,Female,lnovak1f@theglobeandmail.com
53,Cordie,Harragin,charragin1g@google.com.br,Male,charragin1g@ca.gov
54,Andros,Keenor,akeenor1h@printfriendly.com,Male,akeenor1h@vinaora.com
55,Madelaine,Jacobi,mjacobi1i@pagesperso-orange.fr,Female,mjacobi1i@dailymail.co.uk
56,Kahaleel,Swansborough,kswansborough1j@bigcartel.com,Male,kswansborough1j@webs.com
57,Fernanda,Chidwick,fchidwick1k@google.com.br,Female,fchidwick1k@accuweather.com
58,Clem,Walby,cwalby1l@icq.com,Female,cwalby1l@gizmodo.com
59,Fonz,Shewsmith,fshewsmith1m@state.tx.us,Male,fshewsmith1m@tmall.com
60,Brandise,Pointer,bpointer1n@godaddy.com,Female,bpointer1n@facebook.com
61,Vic,Danilovich,vdanilovich1o@earthlink.net,Male,vdanilovich1o@jugem.jp
62,Valentia,Bluck,vbluck1p@linkedin.com,Female,vbluck1p@stumbleupon.com
63,Molli,Iacovacci,miacovacci1q@cdbaby.com,Female,miacovacci1q@ow.ly
64,Reed,Angrove,rangrove1r@arstechnica.com,Male,rangrove1r@nih.gov
65,Francesco,Omond,fomond1s@slideshare.net,Male,fomond1s@uiuc.edu
66,Nettle,Hawkeswood,nhawkeswood1t@homestead.com,Female,nhawkeswood1t@home.pl
67,Catina,Alpes,calpes1u@utexas.edu,Female,calpes1u@google.fr
68,Dorolisa,Verrell,dverrell1v@networkadvertising.org,Female,dverrell1v@youtube.com
69,Cristin,Russi,crussi1w@uol.com.br,Female,crussi1w@examiner.com
70,Quincy,Ivanusyev,qivanusyev1x@hud.gov,Male,qivanusyev1x@springer.com
71,Lew,Sloan,lsloan1y@hhs.gov,Male,lsloan1y@huffingtonpost.com
72,Alister,Peggram,apeggram1z@vistaprint.com,Male,apeggram1z@typepad.com
73,Martyn,Grigorian,mgrigorian20@acquirethisname.com,Male,mgrigorian20@ftc.gov
74,Aldous,Knights,aknights21@constantcontact.com,Male,aknights21@sciencedirect.com
75,Nils,Dysert,ndysert22@altervista.org,Male,ndysert22@washington.edu
76,Darlleen,Ayton,dayton23@shinystat.com,Female,dayton23@is.gd
77,Adan,Gadaud,agadaud24@kickstarter.com,Male,agadaud24@tinypic.com
78,Lanie,Prinnett,lprinnett25@bbb.org,Female,lprinnett25@taobao.com
79,Reg,Soares,rsoares26@soup.io,Male,rsoares26@dropbox.com
80,Corrie,Fellowes,cfellowes27@reverbnation.com,Female,cfellowes27@dot.gov
81,Ernesto,McCuish,emccuish28@cnn.com,Male,emccuish28@bluehost.com
82,Benjamin,Patton,bpatton29@wikia.com,Male,bpatton29@mapy.cz
83,Danit,Crumpton,dcrumpton2a@rediff.com,Female,dcrumpton2a@guardian.co.uk
84,Daffie,Watling,dwatling2b@ucsd.edu,Female,dwatling2b@lulu.com
85,Montgomery,Drust,mdrust2c@statcounter.com,Male,mdrust2c@indiegogo.com
86,Shirlee,Laurisch,slaurisch2d@bloglovin.com,Female,slaurisch2d@omniture.com
87,Janeta,Tarquinio,jtarquinio2e@foxnews.com,Female,jtarquinio2e@shutterfly.com
88,Rufe,Wilprecht,rwilprecht2f@weather.com,Male,rwilprecht2f@dedecms.com
89,Calv,Gregorowicz,cgregorowicz2g@dagondesign.com,Male,cgregorowicz2g@smh.com.au
90,Jefferey,Fearon,jfearon2h@noaa.gov,Male,jfearon2h@mozilla.com
91,Rodge,Maypole,rmaypole2i@springer.com,Male,rmaypole2i@skyrock.com
92,Neile,Mainds,nmainds2j@rediff.com,Female,nmainds2j@istockphoto.com
93,Ronnica,Byham,rbyham2k@sohu.com,Female,rbyham2k@boston.com
94,Ashly,Shaxby,ashaxby2l@xrea.com,Female,ashaxby2l@shop-pro.jp
95,Denys,Matussow,dmatussow2m@over-blog.com,Female,dmatussow2m@who.int
96,King,Legge,klegge2n@shinystat.com,Male,klegge2n@virginia.edu
97,Adel,Belshaw,abelshaw2o@cbslocal.com,Female,abelshaw2o@creativecommons.org
98,Brittan,Becken,bbecken2p@zdnet.com,Female,bbecken2p@economist.com
99,Jillie,Breach,jbreach2q@virginia.edu,Female,jbreach2q@npr.org
100,Berkie,Jako,bjako2r@1und1.de,Male,bjako2r@fc2.com
101,Lib,Sprowson,lsprowson2s@constantcontact.com,Female,lsprowson2s@deviantart.com
102,Mallory,Wanne,mwanne2t@rediff.com,Male,mwanne2t@gizmodo.com
103,Ruth,Nealy,rnealy2u@miitbeian.gov.cn,Female,rnealy2u@liveinternet.ru
104,Agretha,Ascraft,aascraft2v@dedecms.com,Female,aascraft2v@spiegel.de
105,Erl,Heaney,eheaney2w@ibm.com,Male,eheaney2w@ihg.com
106,Carmelita,Watton,cwatton2x@census.gov,Female,cwatton2x@businesswire.com
107,Mignon,Mogg,mmogg2y@etsy.com,Female,mmogg2y@guardian.co.uk
108,Glori,Larmour,glarmour2z@oaic.gov.au,Female,glarmour2z@odnoklassniki.ru
109,Barnett,Fasham,bfasham30@oaic.gov.au,Male,bfasham30@sphinn.com
110,Celestia,Somersett,csomersett31@guardian.co.uk,Female,csomersett31@pcworld.com
111,Immanuel,Shapiro,ishapiro32@theatlantic.com,Male,ishapiro32@prweb.com
112,Suzanne,Antao,santao33@flickr.com,Female,santao33@discovery.com
113,Kacey,Willshere,kwillshere34@cafepress.com,Female,kwillshere34@amazonaws.com
114,Lavena,Mitchard,lmitchard35@nsw.gov.au,Female,lmitchard35@dyndns.org
115,Jonas,Saltsberger,jsaltsberger36@webs.com,Male,jsaltsberger36@geocities.jp
116,Davie,Ernshaw,dernshaw37@paypal.com,Male,dernshaw37@virginia.edu
117,Robby,Keppie,rkeppie38@weebly.com,Female,rkeppie38@nymag.com
118,Darill,McWhan,dmcwhan39@fc2.com,Male,dmcwhan39@europa.eu
119,Lissie,Coverdale,lcoverdale3a@statcounter.com,Female,lcoverdale3a@shareasale.com
120,Brand,Cornu,bcornu3b@nasa.gov,Male,bcornu3b@independent.co.uk
121,Belia,Petrowsky,bpetrowsky3c@google.cn,Female,bpetrowsky3c@digg.com
122,Isidro,Mathouse,imathouse3d@npr.org,Male,imathouse3d@princeton.edu
123,Archy,Cowin,acowin3e@myspace.com,Male,acowin3e@angelfire.com
124,Lizbeth,Bram,lbram3f@msn.com,Female,lbram3f@alibaba.com
125,Odey,Woolston,owoolston3g@themeforest.net,Male,owoolston3g@indiatimes.com
126,Chariot,Donlon,cdonlon3h@elegantthemes.com,Male,cdonlon3h@nyu.edu
127,Hieronymus,Andover,handover3i@craigslist.org,Male,handover3i@netscape.com
128,Robinet,Linthead,rlinthead3j@1688.com,Male,rlinthead3j@apache.org
129,Peria,Eden,peden3k@tinypic.com,Female,peden3k@slate.com
130,Ned,Passman,npassman3l@vkontakte.ru,Male,npassman3l@soundcloud.com
131,Ettore,Burbank,eburbank3m@google.cn,Male,eburbank3m@umich.edu
132,Wilt,Stoddard,wstoddard3n@desdev.cn,Male,wstoddard3n@ucsd.edu
133,Gus,Ambrozik,gambrozik3o@virginia.edu,Female,gambrozik3o@cnet.com
134,Eberto,Skipperbottom,eskipperbottom3p@usda.gov,Male,eskipperbottom3p@ebay.com
135,Emlyn,Themann,ethemann3q@nhs.uk,Female,ethemann3q@java.com
136,Meggy,Filintsev,mfilintsev3r@un.org,Female,mfilintsev3r@a8.net
137,Moyra,Tohill,mtohill3s@cocolog-nifty.com,Female,mtohill3s@hp.com
138,Andreana,Praundlin,apraundlin3t@mediafire.com,Female,apraundlin3t@vistaprint.com
139,Mildred,Doldon,mdoldon3u@apple.com,Female,mdoldon3u@digg.com
140,Godfree,Dilgarno,gdilgarno3v@soundcloud.com,Male,gdilgarno3v@mayoclinic.com
141,Packston,Ellsworthe,pellsworthe3w@people.com.cn,Male,pellsworthe3w@mail.ru
142,Ronnica,Lidgett,rlidgett3x@t.co,Female,rlidgett3x@msu.edu
143,Karrah,Aps,kaps3y@illinois.edu,Female,kaps3y@goodreads.com
144,Randall,Gotts,rgotts3z@unc.edu,Male,rgotts3z@nba.com
145,Celina,Studdert,cstuddert40@tripadvisor.com,Female,cstuddert40@gizmodo.com
146,Quill,Seathwright,qseathwright41@instagram.com,Male,qseathwright41@spotify.com
147,Patsy,Brookesbie,pbrookesbie42@comcast.net,Female,pbrookesbie42@exblog.jp
148,Ana,Southwick,asouthwick43@vimeo.com,Female,asouthwick43@yahoo.com
149,Burgess,Archard,barchard44@chron.com,Male,barchard44@photobucket.com
150,Lock,Lockery,llockery45@ow.ly,Male,llockery45@xinhuanet.com
151,Olympie,Fleischer,ofleischer46@tumblr.com,Female,ofleischer46@fotki.com
152,Worthy,Stivani,wstivani47@yahoo.com,Male,wstivani47@alibaba.com
153,Carter,Jopke,cjopke48@mediafire.com,Male,cjopke48@time.com
154,Conn,Pike,cpike49@whitehouse.gov,Male,cpike49@samsung.com
155,Mariel,Crowdy,mcrowdy4a@squidoo.com,Female,mcrowdy4a@diigo.com
156,Alice,Peracco,aperacco4b@fc2.com,Female,aperacco4b@deliciousdays.com
157,Jaquenette,Seviour,jseviour4c@craigslist.org,Female,jseviour4c@china.com.cn
158,Nichols,Garfitt,ngarfitt4d@cloudflare.com,Male,ngarfitt4d@godaddy.com
159,Valentia,Deere,vdeere4e@princeton.edu,Female,vdeere4e@wordpress.org
160,Lindsy,Cleave,lcleave4f@squidoo.com,Female,lcleave4f@wired.com
161,Hazel,Jiricka,hjiricka4g@studiopress.com,Female,hjiricka4g@reverbnation.com
162,Jackquelin,Earengey,jearengey4h@ezinearticles.com,Female,jearengey4h@admin.ch
163,Matthaeus,Imore,mimore4i@indiatimes.com,Male,mimore4i@com.com
164,Torrey,Kellington,tkellington4j@hp.com,Male,tkellington4j@youtube.com
165,Stanleigh,McGifford,smcgifford4k@photobucket.com,Male,smcgifford4k@upenn.edu
166,Iseabal,Kitchen,ikitchen4l@thetimes.co.uk,Female,ikitchen4l@patch.com
167,Pavlov,Gillson,pgillson4m@sphinn.com,Male,pgillson4m@com.com
168,Bryon,Richmont,brichmont4n@printfriendly.com,Male,brichmont4n@kickstarter.com
169,Tildi,Shewon,tshewon4o@pinterest.com,Female,tshewon4o@reference.com
170,Dalli,Dudding,ddudding4p@skype.com,Male,ddudding4p@nsw.gov.au
171,Evie,Dayne,edayne4q@lulu.com,Female,edayne4q@usda.gov
172,Layton,Laing,llaing4r@comsenz.com,Male,llaing4r@naver.com
173,Addia,Kingswold,akingswold4s@google.de,Female,akingswold4s@walmart.com
174,Valentine,Ladley,vladley4t@ustream.tv,Male,vladley4t@foxnews.com
175,Malcolm,Pechell,mpechell4u@quantcast.com,Male,mpechell4u@themeforest.net
176,Archibaldo,Warrillow,awarrillow4v@yellowbook.com,Male,awarrillow4v@hexun.com
177,Christophorus,Bampfield,cbampfield4w@gravatar.com,Male,cbampfield4w@ask.com
178,Corabel,Beden,cbeden4x@typepad.com,Female,cbeden4x@stanford.edu
179,Nial,Gerler,ngerler4y@e-recht24.de,Male,ngerler4y@myspace.com
180,Dicky,Trusse,dtrusse4z@skyrock.com,Male,dtrusse4z@marketwatch.com
181,Alf,Crasswell,acrasswell50@jigsy.com,Male,acrasswell50@geocities.com
182,Janenna,Marchington,jmarchington51@dailymotion.com,Female,jmarchington51@networkadvertising.org
183,Barri,Jirka,bjirka52@chron.com,Male,bjirka52@weebly.com
184,Gerick,Gyford,ggyford53@cbsnews.com,Male,ggyford53@domainmarket.com
185,Gladi,Garnsworthy,ggarnsworthy54@4shared.com,Female,ggarnsworthy54@gizmodo.com
186,Miof mela,Franssen,mfranssen55@sbwire.com,Female,mfranssen55@amazonaws.com
187,Donny,Grzegorek,dgrzegorek56@php.net,Female,dgrzegorek56@tripadvisor.com
188,Petr,Pattingson,ppattingson57@whitehouse.gov,Male,ppattingson57@wikipedia.org
189,Grace,Brimmicombe,gbrimmicombe58@flavors.me,Male,gbrimmicombe58@rambler.ru
190,Hetty,Floris,hfloris59@wired.com,Female,hfloris59@arizona.edu
191,Cammy,Abramowitch,cabramowitch5a@redcross.org,Male,cabramowitch5a@wikipedia.org
192,Pryce,Redgrave,predgrave5b@istockphoto.com,Male,predgrave5b@google.com.au
193,Tiff,Fellos,tfellos5c@auda.org.au,Female,tfellos5c@youtu.be
194,Nyssa,Archbell,narchbell5d@cmu.edu,Female,narchbell5d@microsoft.com
195,Marthe,MacIllrick,mmacillrick5e@ucoz.com,Female,mmacillrick5e@tripadvisor.com
196,Gardie,Kefford,gkefford5f@163.com,Male,gkefford5f@163.com
197,Jenifer,Tomaszkiewicz,jtomaszkiewicz5g@soundcloud.com,Female,jtomaszkiewicz5g@discuz.net
198,Hershel,Corriea,hcorriea5h@biblegateway.com,Male,hcorriea5h@prweb.com
199,Kent,Coumbe,kcoumbe5i@google.it,Male,kcoumbe5i@google.cn
200,Penni,Rape,prape5j@cdc.gov,Female,prape5j@vistaprint.com
201,Theresita,Acom,tacom5k@smh.com.au,Female,tacom5k@imdb.com
202,Guinna,Jertz,gjertz5l@reuters.com,Female,gjertz5l@newsvine.com
203,Jaine,Pavluk,jpavluk5m@constantcontact.com,Female,jpavluk5m@blogger.com
204,Alfy,Feavyour,afeavyour5n@domainmarket.com,Male,afeavyour5n@pagesperso-orange.fr
205,Bree,Saura,bsaura5o@reverbnation.com,Female,bsaura5o@hugedomains.com
206,Yehudi,Mate,ymate5p@bandcamp.com,Male,ymate5p@youku.com
207,Maria,Lamers,mlamers5q@dell.com,Female,mlamers5q@earthlink.net
208,Lay,Kearley,lkearley5r@sina.com.cn,Male,lkearley5r@redcross.org
209,Betta,Wenderott,bwenderott5s@psu.edu,Female,bwenderott5s@rakuten.co.jp
210,Clem,Holyard,cholyard5t@salon.com,Female,cholyard5t@ustream.tv
211,Verne,Dixcee,vdixcee5u@nasa.gov,Male,vdixcee5u@istockphoto.com
212,Katee,Bownd,kbownd5v@chicagotribune.com,Female,kbownd5v@pagesperso-orange.fr
213,Linc,Flatman,lflatman5w@independent.co.uk,Male,lflatman5w@utexas.edu
214,Mella,Dederick,mdederick5x@fotki.com,Female,mdederick5x@wisc.edu
215,Sonia,McGaraghan,smcgaraghan5y@bbc.co.uk,Female,smcgaraghan5y@goo.gl
216,Wald,Bhatia,wbhatia5z@free.fr,Male,wbhatia5z@cnbc.com
217,Kasper,Targett,ktargett60@mozilla.com,Male,ktargett60@about.me
218,Maressa,Scardifield,mscardifield61@hexun.com,Female,mscardifield61@nymag.com
219,Ozzie,Pedlar,opedlar62@prnewswire.com,Male,opedlar62@china.com.cn
220,Tessi,Kennsley,tkennsley63@imgur.com,Female,tkennsley63@nasa.gov
221,Evangelia,Burgett,eburgett64@i2i.jp,Female,eburgett64@apache.org
222,Suzanna,Clucas,sclucas65@wisc.edu,Female,sclucas65@cbsnews.com
223,Kimmie,Asser,kasser66@webs.com,Female,kasser66@unblog.fr
224,Jarvis,Scarlon,jscarlon67@japanpost.jp,Male,jscarlon67@ibm.com
225,Cynthie,Desesquelle,cdesesquelle68@ask.com,Female,cdesesquelle68@example.com
226,Harp,Witchell,hwitchell69@hubpages.com,Male,hwitchell69@yellowpages.com
227,Ariela,Dowzell,adowzell6a@craigslist.org,Female,adowzell6a@blogs.com
228,Olenolin,Keyser,okeyser6b@w3.org,Male,okeyser6b@umn.edu
229,Juliet,Shatliffe,jshatliffe6c@histats.com,Female,jshatliffe6c@toplist.cz
230,Mariette,Espinola,mespinola6d@flavors.me,Female,mespinola6d@sphinn.com
231,Gaye,Mollatt,gmollatt6e@google.es,Female,gmollatt6e@devhub.com
232,Howie,Cuchey,hcuchey6f@w3.org,Male,hcuchey6f@europa.eu
233,Sybila,Leatherborrow,sleatherborrow6g@hp.com,Female,sleatherborrow6g@tiny.cc
234,Meredith,Fayerbrother,mfayerbrother6h@over-blog.com,Male,mfayerbrother6h@shinystat.com
235,Harrietta,Snellman,hsnellman6i@gizmodo.com,Female,hsnellman6i@unc.edu
236,Hazel,Rishman,hrishman6j@google.co.uk,Female,hrishman6j@virginia.edu
237,Natty,MacGettigen,nmacgettigen6k@altervista.org,Female,nmacgettigen6k@ning.com
238,Granville,Bradnum,gbradnum6l@ft.com,Male,gbradnum6l@stanford.edu
239,Cherlyn,Wheaton,cwheaton6m@techcrunch.com,Female,cwheaton6m@google.de
240,Celia,Gabits,cgabits6n@rakuten.co.jp,Female,cgabits6n@msu.edu
241,Early,Von Der Empten,evonderempten6o@amazonaws.com,Male,evonderempten6o@sakura.ne.jp
242,Demetra,Overnell,dovernell6p@scientificamerican.com,Female,dovernell6p@engadget.com
243,Adolph,Seivertsen,aseivertsen6q@exblog.jp,Male,aseivertsen6q@cnet.com
244,Gui,Badgers,gbadgers6r@eventbrite.com,Female,gbadgers6r@furl.net
245,Tabbie,Mayoral,tmayoral6s@dedecms.com,Female,tmayoral6s@sina.com.cn
246,Selie,Ethridge,sethridge6t@geocities.jp,Female,sethridge6t@storify.com
247,Ari,Greir,agreir6u@goo.gl,Male,agreir6u@csmonitor.com
248,Alden,Ibbeson,aibbeson6v@telegraph.co.uk,Male,aibbeson6v@google.it
249,Monah,Roseaman,mroseaman6w@simplemachines.org,Female,mroseaman6w@wix.com
250,Kip,Ainley,kainley6x@netvibes.com,Female,kainley6x@shop-pro.jp
251,Morgan,Duchan,mduchan6y@woothemes.com,Male,mduchan6y@hostgator.com
252,Winny,Castangia,wcastangia6z@histats.com,Male,wcastangia6z@4shared.com
253,Louis,Pinder,lpinder70@wix.com,Male,lpinder70@weebly.com
254,Charlot,Ten Broek,ctenbroek71@google.cn,Female,ctenbroek71@studiopress.com
255,Rhett,Tume,rtume72@symantec.com,Male,rtume72@mapy.cz
256,Edgard,Heninghem,eheninghem73@bravesites.com,Male,eheninghem73@hibu.com
257,Berry,Mowen,bmowen74@meetup.com,Female,bmowen74@amazonaws.com
258,Clark,Dockwra,cdockwra75@hugedomains.com,Male,cdockwra75@reverbnation.com
259,Che,Delagnes,cdelagnes76@sohu.com,Male,cdelagnes76@soup.io
260,Ginnie,Rate,grate77@weather.com,Female,grate77@unc.edu
261,Brodie,Summerley,bsummerley78@addtoany.com,Male,bsummerley78@ted.com
262,Byran,Colby,bcolby79@auda.org.au,Male,bcolby79@canalblog.com
263,Dorine,Danko,ddanko7a@disqus.com,Female,ddanko7a@oracle.com
264,Sim,Coldman,scoldman7b@redcross.org,Male,scoldman7b@msu.edu
265,Kipper,Juckes,kjuckes7c@amazonaws.com,Male,kjuckes7c@nymag.com
266,Avictor,Spolton,aspolton7d@ehow.com,Male,aspolton7d@w3.org
267,Mohammed,Fabbri,mfabbri7e@so-net.ne.jp,Male,mfabbri7e@wikipedia.org
268,Meyer,Ashbee,mashbee7f@linkedin.com,Male,mashbee7f@tuttocitta.it
269,Gerry,Van Rembrandt,gvanrembrandt7g@tinyurl.com,Female,gvanrembrandt7g@nbcnews.com
270,Cleveland,Doncom,cdoncom7h@infoseek.co.jp,Male,cdoncom7h@eepurl.com
271,Lenci,Gasker,lgasker7i@sohu.com,Male,lgasker7i@themeforest.net
272,Ody,Critchard,ocritchard7j@spotify.com,Male,ocritchard7j@vinaora.com
273,Jerri,Haithwaite,jhaithwaite7k@unc.edu,Male,jhaithwaite7k@ed.gov
274,Junie,Deekes,jdeekes7l@free.fr,Female,jdeekes7l@slashdot.org
275,Jone,Hempel,jhempel7m@illinois.edu,Male,jhempel7m@blogspot.com
276,Sonny,L' Anglois,slanglois7n@ftc.gov,Female,slanglois7n@sourceforge.net
277,Sky,Frapwell,sfrapwell7o@tumblr.com,Male,sfrapwell7o@sitemeter.com
278,Kermit,Magenny,kmagenny7p@foxnews.com,Male,kmagenny7p@csmonitor.com
279,Barn,Peachment,bpeachment7q@addthis.com,Male,bpeachment7q@bbc.co.uk
280,Morlee,Leveritt,mleveritt7r@imgur.com,Male,mleveritt7r@imdb.com
281,Dunn,Whicher,dwhicher7s@pagesperso-orange.fr,Male,dwhicher7s@nba.com
282,Dmitri,Lockier,dlockier7t@people.com.cn,Male,dlockier7t@altervista.org
283,Dore,Andrys,dandrys7u@sakura.ne.jp,Female,dandrys7u@g.co
284,Lulita,Mulrooney,lmulrooney7v@shareasale.com,Female,lmulrooney7v@bigcartel.com
285,Minne,Beecham,mbeecham7w@xrea.com,Female,mbeecham7w@gnu.org
286,Lynelle,Dowson,ldowson7x@harvard.edu,Female,ldowson7x@last.fm
287,Inga,Treadgall,itreadgall7y@disqus.com,Female,itreadgall7y@toplist.cz
288,Yoko,Volkers,yvolkers7z@utexas.edu,Female,yvolkers7z@howstuffworks.com
289,Gaspar,Reddell,greddell80@vk.com,Male,greddell80@over-blog.com
290,Barnett,Noteyoung,bnoteyoung81@digg.com,Male,bnoteyoung81@newsvine.com
291,Aguistin,Vause,avause82@about.com,Male,avause82@pcworld.com
292,Chaunce,Stithe,cstithe83@mapy.cz,Male,cstithe83@chronoengine.com
293,Galen,Voelker,gvoelker84@opera.com,Male,gvoelker84@hatena.ne.jp
294,Rania,Perago,rperago85@ebay.co.uk,Female,rperago85@woothemes.com
295,Aurore,Jordon,ajordon86@wikipedia.org,Female,ajordon86@rediff.com
296,Natka,Rickard,nrickard87@utexas.edu,Female,nrickard87@nymag.com
297,Demott,Jaspar,djaspar88@tmall.com,Male,djaspar88@fotki.com
298,Guthrie,Dellatorre,gdellatorre89@cyberchimps.com,Male,gdellatorre89@goo.gl
299,Christy,Conklin,cconklin8a@i2i.jp,Male,cconklin8a@craigslist.org
300,Ramsey,Paolino,rpaolino8b@t.co,Male,rpaolino8b@army.mil
301,Calley,Ciccoloi,cciccoloi8c@npr.org,Female,cciccoloi8c@hatena.ne.jp
302,Salomon,Brimham,sbrimham8d@trellian.com,Male,sbrimham8d@instagram.com
303,Pasquale,Nazareth,pnazareth8e@free.fr,Male,pnazareth8e@pagesperso-orange.fr
304,Lilyan,Costall,lcostall8f@sohu.com,Female,lcostall8f@bravesites.com
305,Roi,Toyne,rtoyne8g@engadget.com,Male,rtoyne8g@sciencedaily.com
306,Benny,Runnalls,brunnalls8h@bloomberg.com,Male,brunnalls8h@meetup.com
307,Myrvyn,Villalta,mvillalta8i@addthis.com,Male,mvillalta8i@networksolutions.com
308,Sarajane,Moehle,smoehle8j@jalbum.net,Female,smoehle8j@hc360.com
309,Catharina,Weich,cweich8k@pbs.org,Female,cweich8k@wsj.com
310,Chrysler,Frew,cfrew8l@nbcnews.com,Female,cfrew8l@blinklist.com
311,Binky,Buglar,bbuglar8m@latimes.com,Male,bbuglar8m@dmoz.org
312,Port,Petruskevich,ppetruskevich8n@gov.uk,Male,ppetruskevich8n@trellian.com
313,Jeralee,Bigrigg,jbigrigg8o@state.gov,Female,jbigrigg8o@i2i.jp
314,Noel,Gueny,ngueny8p@simplemachines.org,Female,ngueny8p@cocolog-nifty.com
315,Rip,Leftwich,rleftwich8q@amazon.co.jp,Male,rleftwich8q@theglobeandmail.com
316,Hashim,Brookshaw,hbrookshaw8r@phoca.cz,Male,hbrookshaw8r@hubpages.com
317,Natalie,Juszkiewicz,njuszkiewicz8s@newyorker.com,Female,njuszkiewicz8s@hexun.com
318,Guss,Freezer,gfreezer8t@engadget.com,Male,gfreezer8t@sciencedirect.com
319,Pennie,Schuck,pschuck8u@dion.ne.jp,Female,pschuck8u@go.com
320,Earvin,Element,eelement8v@tumblr.com,Male,eelement8v@google.pl
321,Seward,Preon,spreon8w@zimbio.com,Male,spreon8w@cmu.edu
322,Pall,Veneur,pveneur8x@elpais.com,Male,pveneur8x@zimbio.com
323,Loren,Crang,lcrang8y@ehow.com,Male,lcrang8y@altervista.org
324,Conny,Beglin,cbeglin8z@java.com,Female,cbeglin8z@furl.net
325,Lula,De Santos,ldesantos90@google.com.br,Female,ldesantos90@flavors.me
326,Gale,Coultous,gcoultous91@yandex.ru,Female,gcoultous91@weibo.com
327,Wyn,Robardey,wrobardey92@chicagotribune.com,Male,wrobardey92@photobucket.com
328,Carmon,Basey,cbasey93@wp.com,Female,cbasey93@cocolog-nifty.com
329,Oralee,Garstan,ogarstan94@cmu.edu,Female,ogarstan94@pbs.org
330,Abey,Trittam,atrittam95@themeforest.net,Male,atrittam95@fastcompany.com
331,Odo,Phillcox,ophillcox96@behance.net,Male,ophillcox96@ihg.com
332,Ethelin,Swatridge,eswatridge97@nydailynews.com,Female,eswatridge97@posterous.com
333,Timoteo,Wigglesworth,twigglesworth98@edublogs.org,Male,twigglesworth98@webeden.co.uk
334,Linnet,O'Heffernan,loheffernan99@instagram.com,Female,loheffernan99@bravesites.com
335,Nydia,Sercombe,nsercombe9a@hud.gov,Female,nsercombe9a@princeton.edu
336,Damian,Westberg,dwestberg9b@yellowpages.com,Male,dwestberg9b@ustream.tv
337,Elene,Sutter,esutter9c@gov.uk,Female,esutter9c@cam.ac.uk
338,Jeremy,Farley,jfarley9d@meetup.com,Male,jfarley9d@apple.com
339,Monah,Spittle,mspittle9e@trellian.com,Female,mspittle9e@netvibes.com
340,Niles,Fetherstan,nfetherstan9f@blogtalkradio.com,Male,nfetherstan9f@mapquest.com
341,Kalvin,Forton,kforton9g@usgs.gov,Male,kforton9g@mtv.com
342,Thedrick,Dupoy,tdupoy9h@mayoclinic.com,Male,tdupoy9h@fastcompany.com
343,Rivalee,Franzman,rfranzman9i@pbs.org,Female,rfranzman9i@issuu.com
344,Aluino,Dawkins,adawkins9j@jigsy.com,Male,adawkins9j@reference.com
345,Esma,Merrywether,emerrywether9k@answers.com,Female,emerrywether9k@cnbc.com
346,Ancell,Fairburn,afairburn9l@reference.com,Male,afairburn9l@psu.edu
347,Bobette,Pawels,bpawels9m@bigcartel.com,Female,bpawels9m@macromedia.com
348,Sarita,Swanborrow,sswanborrow9n@bigcartel.com,Female,sswanborrow9n@who.int
349,Nicki,Aggio,naggio9o@bigcartel.com,Female,naggio9o@example.com
350,Julia,Rousel,jrousel9p@techcrunch.com,Female,jrousel9p@netlog.com
351,Frederick,Concklin,fconcklin9q@mediafire.com,Male,fconcklin9q@buzzfeed.com
352,Tedi,Curling,tcurling9r@bloglines.com,Female,tcurling9r@mac.com
353,Irvin,Orteu,iorteu9s@statcounter.com,Male,iorteu9s@washingtonpost.com
354,Conroy,Dumphries,cdumphries9t@usatoday.com,Male,cdumphries9t@ed.gov
355,Zeke,Russilll,zrussilll9u@about.me,Male,zrussilll9u@flickr.com
356,Joseph,Dewer,jdewer9v@princeton.edu,Male,jdewer9v@furl.net
357,Piggy,Exon,pexon9w@state.gov,Male,pexon9w@ox.ac.uk
358,Otis,Marran,omarran9x@privacy.gov.au,Male,omarran9x@shutterfly.com
359,Alejandrina,Scoble,ascoble9y@guardian.co.uk,Female,ascoble9y@flickr.com
360,Godwin,Dunkerton,gdunkerton9z@netvibes.com,Male,gdunkerton9z@hp.com
361,Yehudi,Calderonello,ycalderonelloa0@stumbleupon.com,Male,ycalderonelloa0@surveymonkey.com
362,Estell,Wakeley,ewakeleya1@paypal.com,Female,ewakeleya1@princeton.edu
363,Jackie,Snarr,jsnarra2@hexun.com,Male,jsnarra2@typepad.com
364,Sammie,Burd,sburda3@buzzfeed.com,Male,sburda3@ft.com
365,Tuck,Stores,tstoresa4@tumblr.com,Male,tstoresa4@google.it
366,Ellary,Willmett,ewillmetta5@huffingtonpost.com,Male,ewillmetta5@ehow.com
367,Enrica,Pods,epodsa6@msn.com,Female,epodsa6@desdev.cn
368,Jimmy,Twiddle,jtwiddlea7@istockphoto.com,Male,jtwiddlea7@nydailynews.com
369,Silva,Oag,soaga8@goodreads.com,Female,soaga8@dailymotion.com
370,Babita,Montrose,bmontrosea9@freewebs.com,Female,bmontrosea9@lycos.com
371,Thacher,Wallworke,twallworkeaa@github.io,Male,twallworkeaa@com.com
372,Arv,Dulson,adulsonab@businesswire.com,Male,adulsonab@gravatar.com
373,Dionis,Matthaus,dmatthausac@biblegateway.com,Female,dmatthausac@chron.com
374,Berk,Lawee,blaweead@eventbrite.com,Male,blaweead@about.com
375,Preston,Binnion,pbinnionae@bbb.org,Male,pbinnionae@hc360.com
376,Angelica,Lithgow,alithgowaf@hugedomains.com,Female,alithgowaf@cnn.com
377,Urson,Pogue,upogueag@tumblr.com,Male,upogueag@dot.gov
378,Schuyler,Epelett,sepelettah@booking.com,Male,sepelettah@scientificamerican.com
379,Kalle,Dillestone,kdillestoneai@seattletimes.com,Male,kdillestoneai@geocities.jp
380,Sherry,Baudins,sbaudinsaj@newyorker.com,Female,sbaudinsaj@phoca.cz
381,Colby,Zecchinii,czecchiniiak@stanford.edu,Male,czecchiniiak@google.pl
382,Bo,Tofano,btofanoal@devhub.com,Male,btofanoal@ning.com
383,Benny,Prys,bprysam@ox.ac.uk,Female,bprysam@usgs.gov
384,Thaddeus,McKendo,tmckendoan@adobe.com,Male,tmckendoan@cargocollective.com
385,Enos,Serfati,eserfatiao@unesco.org,Male,eserfatiao@virginia.edu
386,Killie,Inchley,kinchleyap@free.fr,Male,kinchleyap@webnode.com
387,Emerson,Olivas,eolivasaq@skyrock.com,Male,eolivasaq@bbc.co.uk
388,Willy,Cowhig,wcowhigar@cam.ac.uk,Female,wcowhigar@walmart.com
389,Margaretha,Knocker,mknockeras@yandex.ru,Female,mknockeras@google.com.br
390,Park,Brabham,pbrabhamat@mediafire.com,Male,pbrabhamat@dailymotion.com
391,Vikky,Slimm,vslimmau@dedecms.com,Female,vslimmau@phoca.cz
392,Gil,Galey,ggaleyav@rediff.com,Male,ggaleyav@addtoany.com
393,Fletcher,Laimable,flaimableaw@xing.com,Male,flaimableaw@youku.com
394,Wolfgang,Samter,wsamterax@timesonline.co.uk,Male,wsamterax@netscape.com
395,Charlotte,Ondrusek,condrusekay@uiuc.edu,Female,condrusekay@feedburner.com
396,Ulrick,Peddar,upeddaraz@comsenz.com,Male,upeddaraz@reddit.com
397,Wadsworth,Aggio,waggiob0@noaa.gov,Male,waggiob0@bbb.org
398,Harriott,Grix,hgrixb1@walmart.com,Female,hgrixb1@gnu.org
399,Raye,Kochlin,rkochlinb2@goo.ne.jp,Female,rkochlinb2@ucla.edu
400,Aline,O'Neill,aoneillb3@over-blog.com,Female,aoneillb3@wikia.com
401,Ula,Aizic,uaizicb4@princeton.edu,Female,uaizicb4@marketwatch.com
402,Zuzana,Eleshenar,zeleshenarb5@bloglines.com,Female,zeleshenarb5@behance.net
403,Barbette,Giraths,bgirathsb6@digg.com,Female,bgirathsb6@sfgate.com
404,Brena,Mateu,bmateub7@tuttocitta.it,Female,bmateub7@kickstarter.com
405,Buffy,Espinas,bespinasb8@walmart.com,Female,bespinasb8@last.fm
406,Natka,Cardenosa,ncardenosab9@diigo.com,Female,ncardenosab9@elegantthemes.com
407,Sancho,Alelsandrowicz,salelsandrowiczba@earthlink.net,Male,salelsandrowiczba@home.pl
408,Phylis,Albert,palbertbb@twitpic.com,Female,palbertbb@odnoklassniki.ru
409,Cathrine,Halloran,challoranbc@behance.net,Female,challoranbc@wsj.com
410,Gregoor,Mersh,gmershbd@biblegateway.com,Male,gmershbd@ebay.co.uk
411,Towny,Dunkerley,tdunkerleybe@nymag.com,Male,tdunkerleybe@stanford.edu
412,Rosemarie,Balducci,rbalduccibf@creativecommons.org,Female,rbalduccibf@utexas.edu
413,Orelee,Isenor,oisenorbg@cbc.ca,Female,oisenorbg@csmonitor.com
414,Neddie,Klagge,nklaggebh@mediafire.com,Male,nklaggebh@bizjournals.com
415,Simon,Patterson,spattersonbi@techcrunch.com,Male,spattersonbi@goo.ne.jp
416,Ive,Taleworth,italeworthbj@newyorker.com,Male,italeworthbj@lulu.com
417,Shurlocke,Duffus,sduffusbk@purevolume.com,Male,sduffusbk@wisc.edu
418,Grange,Hadenton,ghadentonbl@tripod.com,Male,ghadentonbl@bravesites.com
419,Mathian,Redfearn,mredfearnbm@redcross.org,Male,mredfearnbm@google.es
420,Rick,St Quenin,rstqueninbn@posterous.com,Male,rstqueninbn@adobe.com
421,Nessa,Biggam,nbiggambo@exblog.jp,Female,nbiggambo@zimbio.com
422,Brittany,McGairl,bmcgairlbp@mlb.com,Female,bmcgairlbp@shinystat.com
423,Gideon,Scowen,gscowenbq@blog.com,Male,gscowenbq@free.fr
424,Bart,Esbrook,besbrookbr@shinystat.com,Male,besbrookbr@vistaprint.com
425,Uriah,Crannis,ucrannisbs@infoseek.co.jp,Male,ucrannisbs@phoca.cz
426,Michele,Binnion,mbinnionbt@slate.com,Female,mbinnionbt@state.tx.us
427,Barny,Sirett,bsirettbu@nydailynews.com,Male,bsirettbu@symantec.com
428,Trenton,Newbury,tnewburybv@un.org,Male,tnewburybv@drupal.org
429,Whittaker,Bazoge,wbazogebw@hp.com,Male,wbazogebw@flickr.com
430,Kerwin,Milksop,kmilksopbx@acquirethisname.com,Male,kmilksopbx@odnoklassniki.ru
431,Kenn,Floch,kflochby@g.co,Male,kflochby@imgur.com
432,Ogdon,Cleaton,ocleatonbz@microsoft.com,Male,ocleatonbz@exblog.jp
433,Starr,Motten,smottenc0@reuters.com,Female,smottenc0@ox.ac.uk
434,Prudi,Canadine,pcanadinec1@cisco.com,Female,pcanadinec1@ifeng.com
435,Hersch,Braun,hbraunc2@gravatar.com,Male,hbraunc2@ezinearticles.com
436,Humfrid,Ghirigori,hghirigoric3@privacy.gov.au,Male,hghirigoric3@tiny.cc
437,Bertie,Gresham,bgreshamc4@ehow.com,Female,bgreshamc4@squidoo.com
438,Timothee,Luxon,tluxonc5@exblog.jp,Male,tluxonc5@live.com
439,Nathanial,Harwell,nharwellc6@blogtalkradio.com,Male,nharwellc6@hc360.com
440,Bunny,Tout,btoutc7@symantec.com,Female,btoutc7@deviantart.com
441,Ulla,Blackborn,ublackbornc8@statcounter.com,Female,ublackbornc8@skype.com
442,Janek,Orridge,jorridgec9@illinois.edu,Male,jorridgec9@studiopress.com
443,Jolyn,McIndoe,jmcindoeca@posterous.com,Female,jmcindoeca@unblog.fr
444,Byrann,Bails,bbailscb@taobao.com,Male,bbailscb@comsenz.com
445,Ansel,Murty,amurtycc@paginegialle.it,Male,amurtycc@nih.gov
446,Reggie,Fisbey,rfisbeycd@msu.edu,Male,rfisbeycd@quantcast.com
447,Andris,Attridge,aattridgece@mac.com,Male,aattridgece@google.de
448,Yehudit,Groomebridge,ygroomebridgecf@nytimes.com,Male,ygroomebridgecf@mail.ru
449,Sayer,Wellsman,swellsmancg@pcworld.com,Male,swellsmancg@ning.com
450,Sherwynd,Morten,smortench@cisco.com,Male,smortench@virginia.edu
451,Honor,Latus,hlatusci@alexa.com,Female,hlatusci@whitehouse.gov
452,Eldridge,O'Donnell,eodonnellcj@sciencedirect.com,Male,eodonnellcj@opensource.org
453,Kalie,Demkowicz,kdemkowiczck@blog.com,Female,kdemkowiczck@zimbio.com
454,Marlowe,Norville,mnorvillecl@reddit.com,Male,mnorvillecl@163.com
455,Yorke,Seligson,yseligsoncm@ed.gov,Male,yseligsoncm@unicef.org
456,Lindon,Lascelles,llascellescn@columbia.edu,Male,llascellescn@senate.gov
457,Anet,Gobeaux,agobeauxco@tumblr.com,Female,agobeauxco@cdc.gov
458,Rik,Biggen,rbiggencp@hud.gov,Male,rbiggencp@marketwatch.com
459,Bail,Chazelle,bchazellecq@economist.com,Male,bchazellecq@flickr.com
460,Delia,McVity,dmcvitycr@live.com,Female,dmcvitycr@yelp.com
461,Reagen,Burkart,rburkartcs@t.co,Male,rburkartcs@timesonline.co.uk
462,Iona,Weth,iwethct@ftc.gov,Female,iwethct@unicef.org
463,Hendrik,Edgley,hedgleycu@nbcnews.com,Male,hedgleycu@geocities.com
464,Inessa,Nabbs,inabbscv@fc2.com,Female,inabbscv@jiathis.com
465,Robenia,Brosini,rbrosinicw@php.net,Female,rbrosinicw@163.com
466,Tremaine,Barham,tbarhamcx@zdnet.com,Male,tbarhamcx@discuz.net
467,Griff,Keech,gkeechcy@issuu.com,Male,gkeechcy@github.com
468,Claudetta,Angier,cangiercz@ibm.com,Female,cangiercz@w3.org
469,Reece,Prendiville,rprendivilled0@discuz.net,Male,rprendivilled0@bbb.org
470,Karna,Dightham,kdighthamd1@jigsy.com,Female,kdighthamd1@opensource.org
471,Barbabra,Djurisic,bdjurisicd2@boston.com,Female,bdjurisicd2@google.com.hk
472,Mavis,Mitchall,mmitchalld3@yandex.ru,Female,mmitchalld3@washington.edu
473,Marcos,Barge,mbarged4@bloomberg.com,Male,mbarged4@telegraph.co.uk
474,Hailee,Hornig,hhornigd5@facebook.com,Female,hhornigd5@dell.com
475,Douglass,Kemp,dkempd6@ihg.com,Male,dkempd6@is.gd
476,Eveline,Brew,ebrewd7@blogspot.com,Female,ebrewd7@bing.com
477,Curtice,Haglington,chaglingtond8@drupal.org,Male,chaglingtond8@pen.io
478,Alyssa,Camidge,acamidged9@census.gov,Female,acamidged9@independent.co.uk
479,Tonye,Binny,tbinnyda@mozilla.com,Female,tbinnyda@arizona.edu
480,Hollie,Fradgley,hfradgleydb@dyndns.org,Female,hfradgleydb@flavors.me
481,Aldwin,Abdee,aabdeedc@yahoo.co.jp,Male,aabdeedc@dmoz.org
482,Joeann,Brace,jbracedd@army.mil,Female,jbracedd@wikispaces.com
483,Faina,Lisciardelli,flisciardellide@rediff.com,Female,flisciardellide@jalbum.net
484,Celie,Sinkin,csinkindf@paginegialle.it,Female,csinkindf@mozilla.com
485,Kleon,Buckham,kbuckhamdg@indiegogo.com,Male,kbuckhamdg@myspace.com
486,Nikki,Gecks,ngecksdh@who.int,Male,ngecksdh@desdev.cn
487,Pip,Sebring,psebringdi@hc360.com,Male,psebringdi@miitbeian.gov.cn
488,Haley,Calveley,hcalveleydj@nifty.com,Male,hcalveleydj@mtv.com
489,Gena,Munton,gmuntondk@eepurl.com,Female,gmuntondk@uol.com.br
490,Cody,Glas,cglasdl@aboutads.info,Female,cglasdl@hp.com
491,Fernando,Trebbett,ftrebbettdm@cdc.gov,Male,ftrebbettdm@comsenz.com
492,Earvin,Raysdale,eraysdaledn@europa.eu,Male,eraysdaledn@blinklist.com
493,Adolf,Dalmon,adalmondo@digg.com,Male,adalmondo@bing.com
494,Norean,Bonnesen,nbonnesendp@phpbb.com,Female,nbonnesendp@sakura.ne.jp
495,Korey,Klich,kklichdq@sogou.com,Male,kklichdq@purevolume.com
496,Berkie,Dyhouse,bdyhousedr@oakley.com,Male,bdyhousedr@patch.com
497,Vite,Buxcey,vbuxceyds@pen.io,Male,vbuxceyds@quantcast.com
498,Matthiew,Blondell,mblondelldt@wikispaces.com,Male,mblondelldt@csmonitor.com
499,Rutter,Renyard,rrenyarddu@altervista.org,Male,rrenyarddu@tmall.com
500,Raul,Rivers,rriversdv@fastcompany.com,Male,rriversdv@unesco.org
501,Kelcy,Cant,kcantdw@meetup.com,Female,kcantdw@desdev.cn
502,Alyosha,Gianolo,agianolodx@is.gd,Male,agianolodx@patch.com
503,Dona,Ruegg,drueggdy@wisc.edu,Female,drueggdy@yolasite.com
504,Winni,Medlen,wmedlendz@seesaa.net,Female,wmedlendz@pagesperso-orange.fr
505,Rickie,Jayume,rjayumee0@unesco.org,Female,rjayumee0@state.gov
506,Biddy,Edards,bedardse1@icio.us,Female,bedardse1@amazonaws.com
507,Willette,Colquete,wcolquetee2@slate.com,Female,wcolquetee2@issuu.com
508,Klara,Stammer,kstammere3@wikimedia.org,Female,kstammere3@nsw.gov.au
509,Theobald,Perrott,tperrotte4@symantec.com,Male,tperrotte4@vinaora.com
510,Giulia,Saye,gsayee5@msu.edu,Female,gsayee5@devhub.com
511,Joaquin,Ponsford,jponsforde6@ehow.com,Male,jponsforde6@arstechnica.com
512,Alfi,Baitman,abaitmane7@barnesandnoble.com,Female,abaitmane7@rambler.ru
513,Jourdan,Gerbi,jgerbie8@rakuten.co.jp,Female,jgerbie8@photobucket.com
514,Darlleen,Licas,dlicase9@businessinsider.com,Female,dlicase9@google.es
515,Si,Pavlovic,spavlovicea@nifty.com,Male,spavlovicea@unc.edu
516,Bernard,Ariss,barisseb@ifeng.com,Male,barisseb@cafepress.com
517,Barbara-anne,Jerzyk,bjerzykec@wired.com,Female,bjerzykec@skype.com
518,Janean,Marrion,jmarrioned@reference.com,Female,jmarrioned@abc.net.au
519,Zeke,Thexton,zthextonee@cbc.ca,Male,zthextonee@reuters.com
520,Kerk,Aurelius,kaureliusef@hibu.com,Male,kaureliusef@mlb.com
521,Rubina,Jerred,rjerredeg@zdnet.com,Female,rjerredeg@seattletimes.com
522,Leonore,MacDonald,lmacdonaldeh@friendfeed.com,Female,lmacdonaldeh@youku.com
523,Adolpho,MacCathay,amaccathayei@mediafire.com,Male,amaccathayei@istockphoto.com
524,Fredericka,Gant,fgantej@usda.gov,Female,fgantej@360.cn
525,Rosaline,Wince,rwinceek@meetup.com,Female,rwinceek@printfriendly.com
526,Spike,Tattersall,stattersallel@mediafire.com,Male,stattersallel@techcrunch.com
527,Allin,Zebedee,azebedeeem@trellian.com,Male,azebedeeem@deviantart.com
528,Bernie,Pitney,bpitneyen@economist.com,Male,bpitneyen@shutterfly.com
529,Kellie,Stockhill,kstockhilleo@hubpages.com,Female,kstockhilleo@bbb.org
530,Carlin,Genthner,cgenthnerep@engadget.com,Female,cgenthnerep@nba.com
531,Redd,Eannetta,reannettaeq@shareasale.com,Male,reannettaeq@latimes.com
532,Lewie,Easey,leaseyer@shop-pro.jp,Male,leaseyer@shareasale.com
533,Mirella,Gotcher,mgotcheres@cbslocal.com,Female,mgotcheres@phoca.cz
534,Godart,Whinray,gwhinrayet@spiegel.de,Male,gwhinrayet@livejournal.com
535,Guendolen,Doogan,gdooganeu@statcounter.com,Female,gdooganeu@unblog.fr
536,Rona,Gladtbach,rgladtbachev@chicagotribune.com,Female,rgladtbachev@dmoz.org
537,Ealasaid,Wainman,ewainmanew@wikia.com,Female,ewainmanew@mapy.cz
538,Gale,Crimpe,gcrimpeex@independent.co.uk,Female,gcrimpeex@nytimes.com
539,Bobbye,Bovaird,bbovairdey@wordpress.com,Female,bbovairdey@youku.com
540,Damian,Abelwhite,dabelwhiteez@surveymonkey.com,Male,dabelwhiteez@ehow.com
541,Mersey,Fulcher,mfulcherf0@smugmug.com,Female,mfulcherf0@arstechnica.com
542,Isador,Wealleans,iwealleansf1@smugmug.com,Male,iwealleansf1@slate.com
543,Erinn,Christene,echristenef2@themeforest.net,Female,echristenef2@buzzfeed.com
544,May,Jopson,mjopsonf3@sbwire.com,Female,mjopsonf3@webs.com
545,Jamesy,Jude,jjudef4@goo.ne.jp,Male,jjudef4@php.net
546,Melina,Belford,mbelfordf5@tuttocitta.it,Female,mbelfordf5@wordpress.org
547,Megan,Agar,magarf6@wp.com,Female,magarf6@amazon.com
548,Simeon,Clardge,sclardgef7@example.com,Male,sclardgef7@yale.edu
549,Lesli,Hrachovec,lhrachovecf8@bluehost.com,Female,lhrachovecf8@reuters.com
550,Laetitia,Perryn,lperrynf9@cornell.edu,Female,lperrynf9@nyu.edu
551,Guy,Greenhead,ggreenheadfa@devhub.com,Male,ggreenheadfa@virginia.edu
552,Brear,Prozescky,bprozesckyfb@youtu.be,Female,bprozesckyfb@columbia.edu
553,Horatia,Panks,hpanksfc@cafepress.com,Female,hpanksfc@cnn.com
554,Annaliese,Skittreal,askittrealfd@gizmodo.com,Female,askittrealfd@godaddy.com
555,Corie,Pinnocke,cpinnockefe@hp.com,Female,cpinnockefe@wikimedia.org
556,Arleen,Billett,abillettff@msn.com,Female,abillettff@yellowbook.com
557,Annadiana,Bronot,abronotfg@ft.com,Female,abronotfg@scientificamerican.com
558,Jere,Spadelli,jspadellifh@yahoo.co.jp,Female,jspadellifh@nasa.gov
559,Romy,Bollins,rbollinsfi@cmu.edu,Female,rbollinsfi@symantec.com
560,Amii,Hischke,ahischkefj@adobe.com,Female,ahischkefj@photobucket.com
561,Leanna,Gallie,lgalliefk@unc.edu,Female,lgalliefk@sina.com.cn
562,Jobie,Jeavon,jjeavonfl@cloudflare.com,Female,jjeavonfl@oakley.com
563,Sarette,Chatin,schatinfm@51.la,Female,schatinfm@census.gov
564,Juli,Andress,jandressfn@cocolog-nifty.com,Female,jandressfn@yahoo.com
565,Rafi,Densun,rdensunfo@google.com.br,Male,rdensunfo@infoseek.co.jp
566,Addi,Presslie,apressliefp@comcast.net,Female,apressliefp@home.pl
567,Cliff,Andreuzzi,candreuzzifq@macromedia.com,Male,candreuzzifq@arizona.edu
568,Bathsheba,Croxford,bcroxfordfr@mapy.cz,Female,bcroxfordfr@bbc.co.uk
569,Di,Burress,dburressfs@weather.com,Female,dburressfs@google.co.jp
570,Sheba,Lebond,slebondft@adobe.com,Female,slebondft@networkadvertising.org
571,Esmaria,Colenutt,ecolenuttfu@geocities.com,Female,ecolenuttfu@nhs.uk
572,Deni,Edgett,dedgettfv@blogs.com,Female,dedgettfv@sitemeter.com
573,Dulce,Berthome,dberthomefw@cpanel.net,Female,dberthomefw@un.org
574,Torre,Endacott,tendacottfx@time.com,Male,tendacottfx@google.pl
575,Shea,Climpson,sclimpsonfy@wsj.com,Male,sclimpsonfy@printfriendly.com
576,Noam,Paterno,npaternofz@seesaa.net,Male,npaternofz@sphinn.com
577,Kelly,Banishevitz,kbanishevitzg0@free.fr,Male,kbanishevitzg0@hugedomains.com
578,Andris,Pavis,apavisg1@myspace.com,Male,apavisg1@businessinsider.com
579,Lanny,McTavish,lmctavishg2@imdb.com,Male,lmctavishg2@comcast.net
580,Dick,Sappson,dsappsong3@usda.gov,Male,dsappsong3@networksolutions.com
581,Celinka,Chritchley,cchritchleyg4@wufoo.com,Female,cchritchleyg4@alibaba.com
582,Wittie,Ketteman,wkettemang5@archive.org,Male,wkettemang5@fastcompany.com
583,Benedikt,Spurrier,bspurrierg6@bloomberg.com,Male,bspurrierg6@imgur.com
584,Demetrius,Comellini,dcomellinig7@home.pl,Male,dcomellinig7@wisc.edu
585,Seth,Fedoronko,sfedoronkog8@upenn.edu,Male,sfedoronkog8@artisteer.com
586,Britni,Royan,broyang9@webs.com,Female,broyang9@chronoengine.com
587,Linn,Axel,laxelga@youku.com,Female,laxelga@yahoo.com
588,Sarina,Maymand,smaymandgb@g.co,Female,smaymandgb@jimdo.com
589,Bianca,Abramov,babramovgc@skype.com,Female,babramovgc@timesonline.co.uk
590,Levin,Gabe,lgabegd@last.fm,Male,lgabegd@deliciousdays.com
591,Barrie,Radclyffe,bradclyffege@squidoo.com,Female,bradclyffege@imgur.com
592,Geri,O'Grady,gogradygf@sphinn.com,Male,gogradygf@goodreads.com
593,Bob,Winkell,bwinkellgg@paypal.com,Male,bwinkellgg@xing.com
594,Blisse,Reschke,breschkegh@weibo.com,Female,breschkegh@upenn.edu
595,Idalina,Merrgen,imerrgengi@cornell.edu,Female,imerrgengi@vk.com
596,Joellyn,Tracy,jtracygj@e-recht24.de,Female,jtracygj@mediafire.com
597,Idalina,Aitkin,iaitkingk@abc.net.au,Female,iaitkingk@house.gov
598,Cinderella,Brunsden,cbrunsdengl@arizona.edu,Female,cbrunsdengl@home.pl
599,Skyler,Grealey,sgrealeygm@csmonitor.com,Male,sgrealeygm@dropbox.com
600,Blanch,Feldon,bfeldongn@sogou.com,Female,bfeldongn@npr.org
601,Lorne,Rowatt,lrowattgo@theatlantic.com,Female,lrowattgo@last.fm
602,Lancelot,Ashforth,lashforthgp@si.edu,Male,lashforthgp@cafepress.com
603,Barny,Mulderrig,bmulderriggq@networkadvertising.org,Male,bmulderriggq@freewebs.com
604,Felita,Bartoloma,fbartolomagr@ehow.com,Female,fbartolomagr@barnesandnoble.com
605,Maiga,Amy,mamygs@msu.edu,Female,mamygs@lulu.com
606,Randall,Charlon,rcharlongt@aol.com,Male,rcharlongt@xing.com
607,Penelope,Belliss,pbellissgu@wix.com,Female,pbellissgu@dmoz.org
608,Noll,Cassar,ncassargv@google.ca,Male,ncassargv@youtu.be
609,Kurt,Kyneton,kkynetongw@hatena.ne.jp,Male,kkynetongw@photobucket.com
610,Bud,Castangia,bcastangiagx@biblegateway.com,Male,bcastangiagx@cnbc.com
611,Ced,Trowel,ctrowelgy@prlog.org,Male,ctrowelgy@multiply.com
612,Jaquenette,Ravilious,jraviliousgz@typepad.com,Female,jraviliousgz@berkeley.edu
613,Avrom,Axtonne,aaxtonneh0@t-online.de,Male,aaxtonneh0@adobe.com
614,Jedd,Iorillo,jiorilloh1@barnesandnoble.com,Male,jiorilloh1@aboutads.info
615,Beverie,Clemendet,bclemendeth2@sciencedirect.com,Female,bclemendeth2@theatlantic.com
616,Yule,Butterley,ybutterleyh3@comsenz.com,Male,ybutterleyh3@instagram.com
617,Corina,Doyland,cdoylandh4@mlb.com,Female,cdoylandh4@wiley.com
618,Frasco,Hedling,fhedlingh5@spotify.com,Male,fhedlingh5@sina.com.cn
619,Dody,Mighele,dmigheleh6@liveinternet.ru,Female,dmigheleh6@umich.edu
620,Ursula,Gainfort,ugainforth7@jigsy.com,Female,ugainforth7@nih.gov
621,Ham,Stryde,hstrydeh8@archive.org,Male,hstrydeh8@reverbnation.com
622,Reider,Glidder,rglidderh9@twitpic.com,Male,rglidderh9@xinhuanet.com
623,Kurt,Conaghy,kconaghyha@parallels.com,Male,kconaghyha@jigsy.com
624,Clemens,Lambeth,clambethhb@auda.org.au,Male,clambethhb@squarespace.com
625,Jarid,Smewings,jsmewingshc@accuweather.com,Male,jsmewingshc@ebay.co.uk
626,Butch,Loudian,bloudianhd@quantcast.com,Male,bloudianhd@phpbb.com
627,Shanta,Rhelton,srheltonhe@example.com,Female,srheltonhe@booking.com
628,Gracia,Grzegorek,ggrzegorekhf@dailymail.co.uk,Female,ggrzegorekhf@webeden.co.uk
629,Katya,Ferriday,kferridayhg@t-online.de,Female,kferridayhg@naver.com
630,Jaime,Henaughan,jhenaughanhh@sciencedirect.com,Male,jhenaughanhh@nih.gov
631,Sheff,Cavilla,scavillahi@reuters.com,Male,scavillahi@homestead.com
632,Munmro,Fattorini,mfattorinihj@umich.edu,Male,mfattorinihj@zimbio.com
633,Odetta,Micah,omicahhk@youku.com,Female,omicahhk@yellowpages.com
634,Poppy,Oldknow,poldknowhl@gizmodo.com,Female,poldknowhl@google.nl
635,Lynsey,Beamiss,lbeamisshm@edublogs.org,Female,lbeamisshm@businessinsider.com
636,Bron,Woolen,bwoolenhn@bloomberg.com,Male,bwoolenhn@jigsy.com
637,Kakalina,Hugonneau,khugonneauho@printfriendly.com,Female,khugonneauho@vkontakte.ru
638,Jamesy,Drinkhill,jdrinkhillhp@t-online.de,Male,jdrinkhillhp@arstechnica.com
639,Carlyle,Eatherton,ceathertonhq@uol.com.br,Male,ceathertonhq@washingtonpost.com
640,Kim,Corteney,kcorteneyhr@fotki.com,Male,kcorteneyhr@elegantthemes.com
641,Jedd,Copper,jcopperhs@tuttocitta.it,Male,jcopperhs@addtoany.com
642,Juliette,Arsnell,jarsnellht@cargocollective.com,Female,jarsnellht@virginia.edu
643,Daffi,Slaten,dslatenhu@goodreads.com,Female,dslatenhu@gmpg.org
644,Pearce,Rubinsky,prubinskyhv@xrea.com,Male,prubinskyhv@microsoft.com
645,Elijah,Burgise,eburgisehw@1und1.de,Male,eburgisehw@hp.com
646,Wally,McQuillan,wmcquillanhx@vkontakte.ru,Male,wmcquillanhx@cloudflare.com
647,Lorene,Lynd,llyndhy@cornell.edu,Female,llyndhy@baidu.com
648,Gwen,Shakespear,gshakespearhz@miibeian.gov.cn,Female,gshakespearhz@smugmug.com
649,Marnia,Darrel,mdarreli0@marketwatch.com,Female,mdarreli0@cargocollective.com
650,Phedra,Stansby,pstansbyi1@bizjournals.com,Female,pstansbyi1@uiuc.edu
651,Brandtr,Hegerty,bhegertyi2@sun.com,Male,bhegertyi2@github.io
652,Mab,Sadat,msadati3@chicagotribune.com,Female,msadati3@economist.com
653,Armstrong,Chapell,achapelli4@elegantthemes.com,Male,achapelli4@admin.ch
654,Karyl,Wace,kwacei5@boston.com,Female,kwacei5@loc.gov
655,Cleveland,Dunbleton,cdunbletoni6@cam.ac.uk,Male,cdunbletoni6@globo.com
656,Lynea,Tarn,ltarni7@globo.com,Female,ltarni7@taobao.com
657,Shena,Corser,scorseri8@jimdo.com,Female,scorseri8@economist.com
658,Charlie,Biggar,cbiggari9@admin.ch,Male,cbiggari9@java.com
659,Irina,Greeveson,igreevesonia@latimes.com,Female,igreevesonia@toplist.cz
660,Lorrie,Imbrey,limbreyib@aboutads.info,Female,limbreyib@bing.com
661,Jamal,Trumper,jtrumperic@devhub.com,Male,jtrumperic@sogou.com
662,Raymund,Seabrooke,rseabrookeid@istockphoto.com,Male,rseabrookeid@samsung.com
663,Trish,Folley,tfolleyie@dailymail.co.uk,Female,tfolleyie@mediafire.com
664,Tedi,Maletratt,tmaletrattif@phoca.cz,Female,tmaletrattif@cnn.com
665,Beatrice,Brixham,bbrixhamig@baidu.com,Female,bbrixhamig@yandex.ru
666,Selena,Cregeen,scregeenih@goodreads.com,Female,scregeenih@answers.com
667,Merl,Haley,mhaleyii@reuters.com,Female,mhaleyii@blogs.com
668,Salli,Warratt,swarrattij@ow.ly,Female,swarrattij@jimdo.com
669,Elvyn,Kinworthy,ekinworthyik@dell.com,Male,ekinworthyik@macromedia.com
670,Biron,Innis,binnisil@hc360.com,Male,binnisil@google.co.jp
671,Maxim,Murdoch,mmurdochim@army.mil,Male,mmurdochim@aol.com
672,Arnie,Havill,ahavillin@chronoengine.com,Male,ahavillin@google.ru
673,Carver,Tansley,ctansleyio@hostgator.com,Male,ctansleyio@wunderground.com
674,Chryste,Souter,csouterip@naver.com,Female,csouterip@nature.com
675,Roldan,Sagg,rsaggiq@google.nl,Male,rsaggiq@geocities.com
676,Catherina,Goudard,cgoudardir@yelp.com,Female,cgoudardir@theglobeandmail.com
677,Gene,Dionsetto,gdionsettois@geocities.jp,Male,gdionsettois@bloglines.com
678,Cathi,Whebell,cwhebellit@si.edu,Female,cwhebellit@rediff.com
679,Olga,Marner,omarneriu@tripadvisor.com,Female,omarneriu@trellian.com
680,Eduardo,Stede,estedeiv@linkedin.com,Male,estedeiv@google.com.hk
681,Dean,Satterly,dsatterlyiw@un.org,Male,dsatterlyiw@blogs.com
682,Alvie,Fendlen,afendlenix@reference.com,Male,afendlenix@360.cn
683,Carline,Anstis,canstisiy@upenn.edu,Female,canstisiy@arizona.edu
684,Tobin,Schachter,tschachteriz@feedburner.com,Male,tschachteriz@newyorker.com
685,Harlin,Magee,hmageej0@spiegel.de,Male,hmageej0@alexa.com
686,Christalle,Eager,ceagerj1@redcross.org,Female,ceagerj1@51.la
687,Brnaby,Dukesbury,bdukesburyj2@cam.ac.uk,Male,bdukesburyj2@purevolume.com
688,Gauthier,Duffield,gduffieldj3@prweb.com,Male,gduffieldj3@jigsy.com
689,Hana,Banthorpe,hbanthorpej4@scientificamerican.com,Female,hbanthorpej4@abc.net.au
690,Erroll,Skelcher,eskelcherj5@surveymonkey.com,Male,eskelcherj5@wordpress.com
691,Freddie,Ainley,fainleyj6@cam.ac.uk,Female,fainleyj6@pbs.org
692,Aldo,Gerhts,agerhtsj7@yolasite.com,Male,agerhtsj7@irs.gov
693,Vinny,Trousdale,vtrousdalej8@cyberchimps.com,Female,vtrousdalej8@miibeian.gov.cn
694,Lay,Medling,lmedlingj9@posterous.com,Male,lmedlingj9@studiopress.com
695,Bancroft,Feldharker,bfeldharkerja@behance.net,Male,bfeldharkerja@unesco.org
696,Giacobo,Noden,gnodenjb@cnn.com,Male,gnodenjb@biglobe.ne.jp
697,Elisabetta,Scarse,escarsejc@plala.or.jp,Female,escarsejc@i2i.jp
698,Brittani,Abelson,babelsonjd@mit.edu,Female,babelsonjd@canalblog.com
699,Lila,Duprey,ldupreyje@mapy.cz,Female,ldupreyje@theguardian.com
700,Caterina,Giroldo,cgiroldojf@usda.gov,Female,cgiroldojf@addtoany.com
701,Ruby,Stepto,rsteptojg@weather.com,Female,rsteptojg@nydailynews.com
702,Carley,Gabbett,cgabbettjh@eepurl.com,Female,cgabbettjh@diigo.com
703,Jens,Curro,jcurroji@utexas.edu,Male,jcurroji@devhub.com
704,Caresse,Boggish,cboggishjj@about.com,Female,cboggishjj@answers.com
705,Charlean,Beardsdale,cbeardsdalejk@diigo.com,Female,cbeardsdalejk@ustream.tv
706,Leonelle,Swadlinge,lswadlingejl@nyu.edu,Female,lswadlingejl@yelp.com
707,Opalina,Caunce,ocauncejm@ning.com,Female,ocauncejm@virginia.edu
708,Con,Managh,cmanaghjn@yandex.ru,Male,cmanaghjn@stanford.edu
709,Eda,Dalwood,edalwoodjo@hibu.com,Female,edalwoodjo@mapquest.com
710,Lou,Sponton,lspontonjp@webnode.com,Male,lspontonjp@cocolog-nifty.com
711,Odo,BoHlingolsen,obohlingolsenjq@blogger.com,Male,obohlingolsenjq@wiley.com
712,Matthieu,Martinson,mmartinsonjr@github.com,Male,mmartinsonjr@hostgator.com
713,Beatriz,McWilliam,bmcwilliamjs@imdb.com,Female,bmcwilliamjs@tinyurl.com
714,Jamey,Valek,jvalekjt@stumbleupon.com,Male,jvalekjt@purevolume.com
715,Emilio,Belfield,ebelfieldju@usa.gov,Male,ebelfieldju@booking.com
716,Boony,McMakin,bmcmakinjv@twitpic.com,Male,bmcmakinjv@godaddy.com
717,Willie,McPherson,wmcphersonjw@vinaora.com,Female,wmcphersonjw@cbc.ca
718,Guy,Addenbrooke,gaddenbrookejx@surveymonkey.com,Male,gaddenbrookejx@drupal.org
719,Hermann,Kiessel,hkiesseljy@slideshare.net,Male,hkiesseljy@dedecms.com
720,Aleda,Halloway,ahallowayjz@sciencedaily.com,Female,ahallowayjz@npr.org
721,Ranice,Kluss,rklussk0@printfriendly.com,Female,rklussk0@plala.or.jp
722,Kamila,O'Scanlan,koscanlank1@nba.com,Female,koscanlank1@scribd.com
723,Bernardo,Ferraraccio,bferraracciok2@wikimedia.org,Male,bferraracciok2@va.gov
724,Doralia,Ranger,drangerk3@tuttocitta.it,Female,drangerk3@cocolog-nifty.com
725,Isaac,Liddington,iliddingtonk4@wufoo.com,Male,iliddingtonk4@squidoo.com
726,Karyn,Thieme,kthiemek5@illinois.edu,Female,kthiemek5@stanford.edu
727,Georg,Rittmeier,grittmeierk6@ox.ac.uk,Male,grittmeierk6@wsj.com
728,Ag,Napolitano,anapolitanok7@drupal.org,Female,anapolitanok7@ed.gov
729,Raimund,Mullins,rmullinsk8@whitehouse.gov,Male,rmullinsk8@globo.com
730,Salmon,O'Regan,soregank9@earthlink.net,Male,soregank9@jigsy.com
731,Jorge,Yakushkin,jyakushkinka@wikipedia.org,Male,jyakushkinka@parallels.com
732,Grover,Ossenna,gossennakb@networksolutions.com,Male,gossennakb@elpais.com
733,Alfy,Killough,akilloughkc@livejournal.com,Male,akilloughkc@prweb.com
734,Marijn,McKomb,mmckombkd@1688.com,Male,mmckombkd@google.ru
735,Grace,Dakers,gdakerske@home.pl,Female,gdakerske@1688.com
736,Quentin,Jaze,qjazekf@surveymonkey.com,Female,qjazekf@yandex.ru
737,Kesley,Heining,kheiningkg@networksolutions.com,Female,kheiningkg@mit.edu
738,Quent,Gariff,qgariffkh@foxnews.com,Male,qgariffkh@jalbum.net
739,Fritz,Catmull,fcatmullki@fc2.com,Male,fcatmullki@bigcartel.com
740,Missie,Seilmann,mseilmannkj@t.co,Female,mseilmannkj@dell.com
741,Edd,Steart,esteartkk@acquirethisname.com,Male,esteartkk@blinklist.com
742,Minette,Sweetlove,msweetlovekl@nbcnews.com,Female,msweetlovekl@wix.com
743,Lurleen,Corro,lcorrokm@home.pl,Female,lcorrokm@tamu.edu
744,Garv,Stavers,gstaverskn@theglobeandmail.com,Male,gstaverskn@ifeng.com
745,Gard,Mac Geaney,gmacgeaneyko@chronoengine.com,Male,gmacgeaneyko@nba.com
746,Blayne,Spencers,bspencerskp@oracle.com,Male,bspencerskp@aboutads.info
747,Diarmid,Akister,dakisterkq@tumblr.com,Male,dakisterkq@bloomberg.com
748,Junette,Orman,jormankr@cnet.com,Female,jormankr@wix.com
749,Garwood,Cordeiro,gcordeiroks@netlog.com,Male,gcordeiroks@theatlantic.com
750,Christopher,McKennan,cmckennankt@woothemes.com,Male,cmckennankt@wordpress.org
751,Silvan,Miroy,smiroyku@hhs.gov,Male,smiroyku@addthis.com
752,Koressa,Cardero,kcarderokv@boston.com,Female,kcarderokv@google.es
753,Peri,Bouts,pboutskw@java.com,Female,pboutskw@independent.co.uk
754,Isacco,Huitson,ihuitsonkx@nature.com,Male,ihuitsonkx@amazon.de
755,Hilary,Thurgood,hthurgoodky@google.de,Male,hthurgoodky@domainmarket.com
756,Ber,Stranger,bstrangerkz@addthis.com,Male,bstrangerkz@lycos.com
757,Massimo,Greenhill,mgreenhilll0@dion.ne.jp,Male,mgreenhilll0@freewebs.com
758,Danice,Seiter,dseiterl1@columbia.edu,Female,dseiterl1@dyndns.org
759,Candra,Philip,cphilipl2@t-online.de,Female,cphilipl2@foxnews.com
760,Morlee,Adelsberg,madelsbergl3@cmu.edu,Male,madelsbergl3@icq.com
761,Gay,Lopez,glopezl4@oracle.com,Female,glopezl4@nyu.edu
762,Erv,Spikins,espikinsl5@1und1.de,Male,espikinsl5@webmd.com
763,Brigham,Guillot,bguillotl6@nyu.edu,Male,bguillotl6@pbs.org
764,Doloritas,Longhorn,dlonghornl7@netlog.com,Female,dlonghornl7@mashable.com
765,Biddie,Wards,bwardsl8@mlb.com,Female,bwardsl8@oracle.com
766,Micheal,Diggons,mdiggonsl9@arizona.edu,Male,mdiggonsl9@biblegateway.com
767,Rurik,Nottingham,rnottinghamla@nifty.com,Male,rnottinghamla@senate.gov
768,Allen,McKag,amckaglb@technorati.com,Male,amckaglb@fc2.com
769,Sher,Klempke,sklempkelc@answers.com,Female,sklempkelc@amazon.com
770,Evy,Afonso,eafonsold@dyndns.org,Female,eafonsold@google.ru
771,Heywood,Blundel,hblundelle@blogs.com,Male,hblundelle@twitter.com
772,Lorena,Carlile,lcarlilelf@prlog.org,Female,lcarlilelf@cocolog-nifty.com
773,Engracia,Romanetti,eromanettilg@pcworld.com,Female,eromanettilg@unicef.org
774,Curtis,Englefield,cenglefieldlh@cdc.gov,Male,cenglefieldlh@techcrunch.com
775,Claudia,Mannakee,cmannakeeli@slate.com,Female,cmannakeeli@buzzfeed.com
776,Rafa,Edwinson,redwinsonlj@answers.com,Female,redwinsonlj@skype.com
777,Vinny,Northridge,vnorthridgelk@nps.gov,Female,vnorthridgelk@mapquest.com
778,Felicia,Wheble,fwheblell@umich.edu,Female,fwheblell@businessweek.com
779,Ediva,Nann,enannlm@sohu.com,Female,enannlm@vkontakte.ru
780,Batholomew,McGing,bmcgingln@sphinn.com,Male,bmcgingln@geocities.com
781,Blaire,Ebhardt,bebhardtlo@sfgate.com,Female,bebhardtlo@networkadvertising.org
782,Fair,Reville,frevillelp@dion.ne.jp,Male,frevillelp@ft.com
783,Etienne,Westrey,ewestreylq@miibeian.gov.cn,Male,ewestreylq@msn.com
784,Art,Manuel,amanuellr@mozilla.org,Male,amanuellr@shutterfly.com
785,Dacy,Rentenbeck,drentenbeckls@opensource.org,Female,drentenbeckls@msu.edu
786,Wyndham,Pales,wpaleslt@google.nl,Male,wpaleslt@youtu.be
787,Caryn,Heel,cheellu@dyndns.org,Female,cheellu@ftc.gov
788,Adaline,Alison,aalisonlv@163.com,Female,aalisonlv@spotify.com
789,Teodora,Weatherup,tweatheruplw@i2i.jp,Female,tweatheruplw@apple.com
790,Carine,Tewes,cteweslx@infoseek.co.jp,Female,cteweslx@home.pl
791,Ker,Sawford,ksawfordly@a8.net,Male,ksawfordly@flickr.com
792,Corene,Aphale,caphalelz@soup.io,Female,caphalelz@timesonline.co.uk
793,Alma,Matuskiewicz,amatuskiewiczm0@ameblo.jp,Female,amatuskiewiczm0@t.co
794,Giraud,Millery,gmillerym1@pen.io,Male,gmillerym1@biglobe.ne.jp
795,Ave,Cheng,achengm2@4shared.com,Male,achengm2@theglobeandmail.com
796,Arly,Canti,acantim3@rediff.com,Female,acantim3@nytimes.com
797,Odelia,Denekamp,odenekampm4@bbc.co.uk,Female,odenekampm4@google.co.uk
798,Natasha,MacKilroe,nmackilroem5@netlog.com,Female,nmackilroem5@google.it
799,Devin,Antonoczyk,dantonoczykm6@themeforest.net,Male,dantonoczykm6@amazonaws.com
800,Fancie,Knill,fknillm7@163.com,Female,fknillm7@kickstarter.com
801,Alwyn,Chatterton,achattertonm8@furl.net,Male,achattertonm8@people.com.cn
802,Albertina,Wilby,awilbym9@psu.edu,Female,awilbym9@discuz.net
803,Tallia,Scrivinor,tscrivinorma@oracle.com,Female,tscrivinorma@answers.com
804,Dana,Flowith,dflowithmb@blog.com,Male,dflowithmb@netvibes.com
805,Kristine,Alsobrook,kalsobrookmc@cloudflare.com,Female,kalsobrookmc@narod.ru
806,Brantley,Bog,bbogmd@cam.ac.uk,Male,bbogmd@cbslocal.com
807,Fae,Harback,fharbackme@ucla.edu,Female,fharbackme@webmd.com
808,Oralie,Ferron,oferronmf@purevolume.com,Female,oferronmf@geocities.com
809,Brockie,Goodings,bgoodingsmg@homestead.com,Male,bgoodingsmg@istockphoto.com
810,Brice,Ride,bridemh@stumbleupon.com,Male,bridemh@theglobeandmail.com
811,Jyoti,Stook,jstookmi@sakura.ne.jp,Female,jstookmi@merriam-webster.com
812,Bryce,Speechly,bspeechlymj@github.io,Male,bspeechlymj@globo.com
813,Trixi,Donnachie,tdonnachiemk@google.nl,Female,tdonnachiemk@cpanel.net
814,Delmor,Howler,dhowlerml@4shared.com,Male,dhowlerml@china.com.cn
815,Michail,Dunckley,mdunckleymm@yale.edu,Male,mdunckleymm@wsj.com
816,Simon,Parbrook,sparbrookmn@yahoo.com,Male,sparbrookmn@omniture.com
817,Corinna,Cockshott,ccockshottmo@ocn.ne.jp,Female,ccockshottmo@theglobeandmail.com
818,Alic,Caser,acasermp@ucoz.com,Male,acasermp@mac.com
819,Judah,Pirelli,jpirellimq@salon.com,Male,jpirellimq@ifeng.com
820,Wood,Orth,worthmr@apple.com,Male,worthmr@icio.us
821,Gus,Sonschein,gsonscheinms@harvard.edu,Female,gsonscheinms@vinaora.com
822,Roslyn,Kingscote,rkingscotemt@qq.com,Female,rkingscotemt@msu.edu
823,Seward,Baythorp,sbaythorpmu@people.com.cn,Male,sbaythorpmu@yahoo.com
824,Nevins,Beeden,nbeedenmv@china.com.cn,Male,nbeedenmv@w3.org
825,Rorke,Gresswell,rgresswellmw@163.com,Male,rgresswellmw@opera.com
826,Brose,Haxell,bhaxellmx@ca.gov,Male,bhaxellmx@soundcloud.com
827,Aldous,Demoge,ademogemy@godaddy.com,Male,ademogemy@google.nl
828,Mariam,Tidball,mtidballmz@shutterfly.com,Female,mtidballmz@shop-pro.jp
829,Karena,Siddaley,ksiddaleyn0@sciencedaily.com,Female,ksiddaleyn0@discovery.com
830,Gavrielle,Januszewski,gjanuszewskin1@sitemeter.com,Female,gjanuszewskin1@alibaba.com
831,Ryann,Faircliffe,rfaircliffen2@arstechnica.com,Female,rfaircliffen2@merriam-webster.com
832,Clement,Stickley,cstickleyn3@go.com,Male,cstickleyn3@hp.com
833,Tye,Halpine,thalpinen4@dmoz.org,Male,thalpinen4@xing.com
834,Rosemonde,Mowbury,rmowburyn5@weather.com,Female,rmowburyn5@mapy.cz
835,Don,Sinnat,dsinnatn6@usa.gov,Male,dsinnatn6@wordpress.org
836,Liv,Shew,lshewn7@rediff.com,Female,lshewn7@wikipedia.org
837,Joey,Maddin,jmaddinn8@china.com.cn,Male,jmaddinn8@abc.net.au
838,Alric,Juppe,ajuppen9@webeden.co.uk,Male,ajuppen9@nationalgeographic.com
839,Pedro,Dalgleish,pdalgleishna@icio.us,Male,pdalgleishna@springer.com
840,Gusti,Benge,gbengenb@ask.com,Female,gbengenb@yolasite.com
841,Phaidra,Brome,pbromenc@reference.com,Female,pbromenc@soundcloud.com
842,Dermot,Cardinale,dcardinalend@slate.com,Male,dcardinalend@japanpost.jp
843,Kristopher,Guidera,kguiderane@rambler.ru,Male,kguiderane@moonfruit.com
844,Judie,Gong,jgongnf@globo.com,Female,jgongnf@shop-pro.jp
845,Antony,McTurley,amcturleyng@cafepress.com,Male,amcturleyng@elegantthemes.com
846,Devora,Kubalek,dkubaleknh@google.com,Female,dkubaleknh@unc.edu
847,Querida,Redmille,qredmilleni@ucoz.ru,Female,qredmilleni@earthlink.net
848,Lydie,Mobius,lmobiusnj@hibu.com,Female,lmobiusnj@va.gov
849,Farrah,Bastin,fbastinnk@naver.com,Female,fbastinnk@freewebs.com
850,Courtney,Mulmuray,cmulmuraynl@nbcnews.com,Female,cmulmuraynl@i2i.jp
851,Sandy,Woolfoot,swoolfootnm@multiply.com,Female,swoolfootnm@marketwatch.com
852,Dmitri,Clewes,dclewesnn@slashdot.org,Male,dclewesnn@vkontakte.ru
853,Ody,Wadwell,owadwellno@imgur.com,Male,owadwellno@independent.co.uk
854,Dave,Ludgate,dludgatenp@smh.com.au,Male,dludgatenp@techcrunch.com
855,Shari,Spawforth,sspawforthnq@topsy.com,Female,sspawforthnq@4shared.com
856,Lanny,Royall,lroyallnr@php.net,Male,lroyallnr@theguardian.com
857,Willow,Haycraft,whaycraftns@yellowpages.com,Female,whaycraftns@oaic.gov.au
858,Dorri,Andreev,dandreevnt@google.ca,Female,dandreevnt@miitbeian.gov.cn
859,Giacobo,Gonin,ggoninnu@microsoft.com,Male,ggoninnu@mail.ru
860,Ardith,Alejandri,aalejandrinv@discuz.net,Female,aalejandrinv@hhs.gov
861,Brendis,Sholl,bshollnw@constantcontact.com,Male,bshollnw@themeforest.net
862,Alfi,Kiessel,akiesselnx@wikia.com,Female,akiesselnx@house.gov
863,Madeline,Barszczewski,mbarszczewskiny@oaic.gov.au,Female,mbarszczewskiny@vistaprint.com
864,Vania,Rastrick,vrastricknz@imgur.com,Female,vrastricknz@spotify.com
865,Julianna,Penni,jpennio0@dailymail.co.uk,Female,jpennio0@tinypic.com
866,Jerry,Corday,jcordayo1@fastcompany.com,Male,jcordayo1@github.io
867,Kermy,Monteith,kmonteitho2@irs.gov,Male,kmonteitho2@weather.com
868,Conny,Jancso,cjancsoo3@shutterfly.com,Female,cjancsoo3@webnode.com
869,Sebastien,Wreath,swreatho4@wordpress.org,Male,swreatho4@so-net.ne.jp
870,Sylvester,Telfer,stelfero5@ebay.com,Male,stelfero5@cbslocal.com
871,Muffin,Orthmann,morthmanno6@1688.com,Male,morthmanno6@blogspot.com
872,Laraine,Blackway,lblackwayo7@goo.ne.jp,Female,lblackwayo7@simplemachines.org
873,Willa,Rawes,wraweso8@ebay.com,Female,wraweso8@mapquest.com
874,Rora,Kemme,rkemmeo9@pen.io,Female,rkemmeo9@cnet.com
875,Nev,Dies,ndiesoa@google.cn,Male,ndiesoa@nps.gov
876,Cindi,Lark,clarkob@apache.org,Female,clarkob@hibu.com
877,Thorn,Woodage,twoodageoc@wisc.edu,Male,twoodageoc@chron.com
878,Ulberto,McNelly,umcnellyod@state.tx.us,Male,umcnellyod@drupal.org
879,Ario,Josling,ajoslingoe@seesaa.net,Male,ajoslingoe@typepad.com
880,Gerik,Queripel,gqueripelof@epa.gov,Male,gqueripelof@yahoo.com
881,Isaiah,Papaminas,ipapaminasog@merriam-webster.com,Male,ipapaminasog@usa.gov
882,Welby,Camsey,wcamseyoh@soup.io,Male,wcamseyoh@devhub.com
883,Marice,Worsnip,mworsnipoi@sourceforge.net,Female,mworsnipoi@icq.com
884,Othilia,Ambrus,oambrusoj@engadget.com,Female,oambrusoj@delicious.com
885,Belvia,O'Luney,boluneyok@amazon.co.uk,Female,boluneyok@bizjournals.com
886,Mic,Mac Giolla Pheadair,mmacgiollapheadairol@yelp.com,Male,mmacgiollapheadairol@360.cn
887,Cynde,Gillean,cgilleanom@histats.com,Female,cgilleanom@nasa.gov
888,Alejandro,Peasey,apeaseyon@dedecms.com,Male,apeaseyon@hud.gov
889,Lisetta,Hardson,lhardsonoo@census.gov,Female,lhardsonoo@washington.edu
890,Everett,Jako,ejakoop@mozilla.com,Male,ejakoop@bbb.org
891,Gerek,Dulanty,gdulantyoq@nsw.gov.au,Male,gdulantyoq@wordpress.org
892,Bennie,Dixon,bdixonor@jimdo.com,Female,bdixonor@jiathis.com
893,Flore,Crabb,fcrabbos@narod.ru,Female,fcrabbos@shutterfly.com
894,Vernon,Joris,vjorisot@disqus.com,Male,vjorisot@sun.com
895,Chadwick,Yarwood,cyarwoodou@naver.com,Male,cyarwoodou@blogs.com
896,Cob,Ragate,cragateov@scientificamerican.com,Male,cragateov@smugmug.com
897,Pail,Chesterton,pchestertonow@ucla.edu,Male,pchestertonow@hubpages.com
898,Creighton,Harold,charoldox@blogtalkradio.com,Male,charoldox@canalblog.com
899,Mason,Tremberth,mtremberthoy@typepad.com,Male,mtremberthoy@accuweather.com
900,Ursulina,Schoales,uschoalesoz@moonfruit.com,Female,uschoalesoz@merriam-webster.com
901,Dan,Imort,dimortp0@ow.ly,Male,dimortp0@behance.net
902,Myrah,Ingerman,mingermanp1@engadget.com,Female,mingermanp1@narod.ru
903,Sonia,Barensky,sbarenskyp2@miibeian.gov.cn,Female,sbarenskyp2@nytimes.com
904,Ricard,Van Hesteren,rvanhesterenp3@aboutads.info,Male,rvanhesterenp3@ifeng.com
905,Araldo,Fishbourn,afishbournp4@nsw.gov.au,Male,afishbournp4@oaic.gov.au
906,Gordon,Crickett,gcrickettp5@chronoengine.com,Male,gcrickettp5@cargocollective.com
907,Melinda,Shackell,mshackellp6@qq.com,Female,mshackellp6@senate.gov
908,Elvera,Corran,ecorranp7@google.nl,Female,ecorranp7@angelfire.com
909,Shannah,Tetsall,stetsallp8@skype.com,Female,stetsallp8@ted.com
910,Betty,Fermer,bfermerp9@youtu.be,Female,bfermerp9@issuu.com
911,Dion,Speachley,dspeachleypa@bloglines.com,Male,dspeachleypa@spotify.com
912,Shelly,Cave,scavepb@cloudflare.com,Female,scavepb@ask.com
913,Case,Lippitt,clippittpc@ning.com,Male,clippittpc@utexas.edu
914,Caresse,Guslon,cguslonpd@chicagotribune.com,Female,cguslonpd@phpbb.com
915,Nady,Kemball,nkemballpe@github.com,Female,nkemballpe@prlog.org
916,Miguel,Gemlbett,mgemlbettpf@phoca.cz,Male,mgemlbettpf@moonfruit.com
917,Eldin,Swiffen,eswiffenpg@dailymail.co.uk,Male,eswiffenpg@latimes.com
918,Shane,Dymock,sdymockph@admin.ch,Male,sdymockph@cdbaby.com
919,Bartlet,Privett,bprivettpi@java.com,Male,bprivettpi@typepad.com
920,Ada,Salvador,asalvadorpj@unblog.fr,Female,asalvadorpj@zimbio.com
921,Janot,Spikings,jspikingspk@google.pl,Female,jspikingspk@slate.com
922,Jelene,Fagg,jfaggpl@t-online.de,Female,jfaggpl@lycos.com
923,Sanson,Sellors,ssellorspm@timesonline.co.uk,Male,ssellorspm@xrea.com
924,Kerstin,Walhedd,kwalheddpn@fotki.com,Female,kwalheddpn@stumbleupon.com
925,Alyosha,McClymont,amcclymontpo@squidoo.com,Male,amcclymontpo@phoca.cz
926,Carolina,Svanini,csvaninipp@newsvine.com,Female,csvaninipp@geocities.jp
927,Nealon,Axston,naxstonpq@stumbleupon.com,Male,naxstonpq@ameblo.jp
928,Gisele,Darlow,gdarlowpr@flavors.me,Female,gdarlowpr@aol.com
929,Jena,Pringour,jpringourps@desdev.cn,Female,jpringourps@techcrunch.com
930,Alic,Pipkin,apipkinpt@timesonline.co.uk,Male,apipkinpt@shinystat.com
931,Andy,Epton,aeptonpu@earthlink.net,Female,aeptonpu@sitemeter.com
932,Charmain,Galer,cgalerpv@symantec.com,Female,cgalerpv@buzzfeed.com
933,Rois,Burrell,rburrellpw@xing.com,Female,rburrellpw@ucsd.edu
934,Charlie,Adolfsen,cadolfsenpx@prlog.org,Male,cadolfsenpx@spiegel.de
935,Aluino,Lancaster,alancasterpy@time.com,Male,alancasterpy@engadget.com
936,Barr,Crosio,bcrosiopz@dmoz.org,Male,bcrosiopz@java.com
937,Janice,Orbell,jorbellq0@goo.ne.jp,Female,jorbellq0@squidoo.com
938,Pattin,Wilding,pwildingq1@infoseek.co.jp,Male,pwildingq1@amazon.co.uk
939,Keefe,Billam,kbillamq2@webnode.com,Male,kbillamq2@blogger.com
940,Mersey,Rosenfeld,mrosenfeldq3@goodreads.com,Female,mrosenfeldq3@si.edu
941,Kylie,Dussy,kdussyq4@bizjournals.com,Male,kdussyq4@pen.io
942,Bradly,Lavies,blaviesq5@home.pl,Male,blaviesq5@independent.co.uk
943,Rudyard,Holliar,rholliarq6@webs.com,Male,rholliarq6@forbes.com
944,Bengt,Oxenbury,boxenburyq7@biglobe.ne.jp,Male,boxenburyq7@si.edu
945,Sigfried,Brando,sbrandoq8@fema.gov,Male,sbrandoq8@slashdot.org
946,Latisha,Chasier,lchasierq9@imgur.com,Female,lchasierq9@nps.gov
947,Aime,Basilone,abasiloneqa@forbes.com,Female,abasiloneqa@soundcloud.com
948,Wallis,Moncaster,wmoncasterqb@auda.org.au,Male,wmoncasterqb@nasa.gov
949,Lianne,Saddler,lsaddlerqc@oakley.com,Female,lsaddlerqc@godaddy.com
950,Ewell,Penylton,epenyltonqd@cbsnews.com,Male,epenyltonqd@xinhuanet.com
951,Alice,Dunkerley,adunkerleyqe@google.es,Female,adunkerleyqe@yahoo.co.jp
952,Dorella,Westraw,dwestrawqf@sfgate.com,Female,dwestrawqf@cisco.com
953,Wandie,Szimoni,wszimoniqg@hubpages.com,Female,wszimoniqg@businessweek.com
954,Amalea,Elders,aeldersqh@ibm.com,Female,aeldersqh@google.es
955,Rurik,Noore,rnooreqi@shinystat.com,Male,rnooreqi@reuters.com
956,Putnem,Mees,pmeesqj@mozilla.org,Male,pmeesqj@examiner.com
957,Elnora,Hydes,ehydesqk@blog.com,Female,ehydesqk@uiuc.edu
958,Lurette,Georgeou,lgeorgeouql@ftc.gov,Female,lgeorgeouql@squidoo.com
959,Carita,Scotting,cscottingqm@indiatimes.com,Female,cscottingqm@weebly.com
960,Dianemarie,Szymoni,dszymoniqn@netvibes.com,Female,dszymoniqn@loc.gov
961,Krystyna,Harrema,kharremaqo@xinhuanet.com,Female,kharremaqo@google.com
962,Sandor,Haken,shakenqp@nifty.com,Male,shakenqp@pen.io
963,Karly,Gorcke,kgorckeqq@hibu.com,Female,kgorckeqq@alexa.com
964,Clim,Keedy,ckeedyqr@jigsy.com,Male,ckeedyqr@who.int
965,Celisse,Bynert,cbynertqs@fc2.com,Female,cbynertqs@telegraph.co.uk
966,Trev,McGhee,tmcgheeqt@timesonline.co.uk,Male,tmcgheeqt@goodreads.com
967,Luis,Knightsbridge,lknightsbridgequ@instagram.com,Male,lknightsbridgequ@chicagotribune.com
968,Kassie,Graith,kgraithqv@github.com,Female,kgraithqv@1und1.de
969,Kay,Barfitt,kbarfittqw@irs.gov,Female,kbarfittqw@hexun.com
970,Thomasa,Skilling,tskillingqx@amazonaws.com,Female,tskillingqx@smh.com.au
971,Tuckie,Barnett,tbarnettqy@ebay.co.uk,Male,tbarnettqy@ning.com
972,Pierrette,Beardshall,pbeardshallqz@google.it,Female,pbeardshallqz@ed.gov
973,Dougy,Uc,ducr0@tripod.com,Male,ducr0@webeden.co.uk
974,Felita,Bourhill,fbourhillr1@reddit.com,Female,fbourhillr1@businesswire.com
975,Ilysa,Josifovic,ijosifovicr2@dedecms.com,Female,ijosifovicr2@unicef.org
976,Sybil,Portinari,sportinarir3@facebook.com,Female,sportinarir3@boston.com
977,Keir,Chaplin,kchaplinr4@spotify.com,Male,kchaplinr4@vimeo.com
978,Page,Whitlow,pwhitlowr5@pagesperso-orange.fr,Female,pwhitlowr5@cornell.edu
979,Casandra,O'Deoran,codeoranr6@gizmodo.com,Female,codeoranr6@springer.com
980,Ravi,Echallie,rechallier7@photobucket.com,Male,rechallier7@posterous.com
981,Karen,Coggins,kcogginsr8@ocn.ne.jp,Female,kcogginsr8@oracle.com
982,Brittan,Troucher,btroucherr9@livejournal.com,Female,btroucherr9@de.vu
983,Daniela,Dymick,ddymickra@nymag.com,Female,ddymickra@wikipedia.org
984,Atalanta,Northrop,anorthroprb@odnoklassniki.ru,Female,anorthroprb@vk.com
985,Vitia,Millimoe,vmillimoerc@gravatar.com,Female,vmillimoerc@pen.io
986,Nester,Shropshire,nshropshirerd@indiegogo.com,Male,nshropshirerd@printfriendly.com
987,Milka,Wapplington,mwapplingtonre@ameblo.jp,Female,mwapplingtonre@lycos.com
988,Joshua,Kuhnert,jkuhnertrf@arizona.edu,Male,jkuhnertrf@ovh.net
989,Gabrielle,MacGaughy,gmacgaughyrg@yellowbook.com,Female,gmacgaughyrg@canalblog.com
990,Buddie,Fynn,bfynnrh@economist.com,Male,bfynnrh@house.gov
991,Gwen,Corsar,gcorsarri@mysql.com,Female,gcorsarri@dot.gov
992,Andy,O'Mara,aomararj@chron.com,Female,aomararj@alexa.com
993,Berri,Vlach,bvlachrk@hhs.gov,Female,bvlachrk@chronoengine.com
994,Margery,Brader,mbraderrl@tiny.cc,Female,mbraderrl@addtoany.com
995,Winona,Lilleyman,wlilleymanrm@dion.ne.jp,Female,wlilleymanrm@flavors.me
996,Renault,Tink,rtinkrn@biblegateway.com,Male,rtinkrn@artisteer.com
997,Timi,Horsell,thorsellro@blogs.com,Female,thorsellro@shinystat.com
998,Cymbre,Gullen,cgullenrp@stanford.edu,Female,cgullenrp@smugmug.com
999,Biddy,Affleck,baffleckrq@ftc.gov,Female,baffleckrq@opensource.org
1000,Normie,Jira,njirarr@posterous.com,Male,njirarr@shareasale.com
